date,equity
2011-01-01,100000.0
2011-01-02,100000.0
2011-01-03,100000.0
2011-01-04,99948.7027
2011-01-05,97937.3714
2011-01-06,99253.3987
2011-01-07,97545.8174
2011-01-08,97925.8804
2011-01-09,97925.8804
2011-01-10,97925.8804
2011-01-11,98939.072
2011-01-12,99188.6063
2011-01-13,99293.8358
2011-01-14,98698.4826
2011-01-15,99273.2238
2011-01-16,99273.2238
2011-01-17,99273.2238
2011-01-18,99273.2238
2011-01-19,99443.1808
2011-01-20,96029.1708
2011-01-21,95761.578
2011-01-22,95039.2935
2011-01-23,95039.2935
2011-01-24,95039.2935
2011-01-25,96380.039
2011-01-26,96432.8919
2011-01-27,98448.33
2011-01-28,98775.0566
2011-01-29,94565.6417
2011-01-30,94565.6417
2011-01-31,94565.6417
2011-02-01,96095.7184
2011-02-02,98583.0291
2011-02-03,98049.1455
2011-02-04,97658.7936
2011-02-05,98720.0322
2011-02-06,98720.0322
2011-02-07,98720.0322
2011-02-08,100585.8011
2011-02-09,100812.2208
2011-02-10,100775.8546
2011-02-11,101170.3227
2011-02-12,101850.0238
2011-02-13,101850.0238
2011-02-14,101850.0238
2011-02-15,101110.2551
2011-02-16,100628.7204
2011-02-17,101420.1316
2011-02-18,100936.9551
2011-02-19,100103.374
2011-02-20,100103.374
2011-02-21,100103.374
2011-02-22,100103.374
2011-02-23,97130.5836
2011-02-24,95255.1666
2011-02-25,96061.4258
2011-02-26,98850.7511
2011-02-27,98850.7511
2011-02-28,98850.7511
2011-03-01,98715.0552
2011-03-02,96506.9811
2011-03-03,98106.844
2011-03-04,100062.2054
2011-03-05,99751.1251
2011-03-06,99751.1251
2011-03-07,99751.1251
2011-03-08,97472.3972
2011-03-09,99009.4356
2011-03-10,98665.3402
2011-03-11,95761.7935
2011-03-12,96582.3132
2011-03-13,96582.3132
2011-03-14,96582.3132
2011-03-15,95518.1209
2011-03-16,95294.0777
2011-03-17,93921.0572
2011-03-18,94939.1645
2011-03-19,94860.876
2011-03-20,94860.876
2011-03-21,94860.876
2011-03-22,96561.5037
2011-03-23,95787.6295
2011-03-24,95715.134
2011-03-25,96925.6747
2011-03-26,97938.1636
2011-03-27,97938.1636
2011-03-28,97938.1636
2011-03-29,97019.5821
2011-03-30,98253.4116
2011-03-31,100536.2021
2011-04-01,100553.4657
2011-04-02,102105.5189
2011-04-03,102105.5189
2011-04-04,102105.5189
2011-04-05,102866.8341
2011-04-06,103131.7424
2011-04-07,102889.2218
2011-04-08,102373.3123
2011-04-09,101426.9926
2011-04-10,101426.9926
2011-04-11,101426.9926
2011-04-12,99573.701
2011-04-13,97604.7474
2011-04-14,96795.9036
2011-04-15,96660.0309
2011-04-16,97488.9013
2011-04-17,97488.9013
2011-04-18,97488.9013
2011-04-19,95261.7477
2011-04-20,95847.1537
2011-04-21,99305.2412
2011-04-22,100730.6342
2011-04-23,100730.6342
2011-04-24,100730.6342
2011-04-25,100730.6342
2011-04-26,99793.7927
2011-04-27,101028.0542
2011-04-28,101573.7997
2011-04-29,100483.2725
2011-04-30,100004.5135
2011-05-01,100004.5135
2011-05-02,100004.5135
2011-05-03,98409.2818
2011-05-04,96962.0269
2011-05-05,95981.4949
2011-05-06,95264.8659
2011-05-07,97723.8675
2011-05-08,97723.8675
2011-05-09,97723.8675
2011-05-10,99126.1058
2011-05-11,100433.6912
2011-05-12,98407.8565
2011-05-13,99445.7462
2011-05-14,98110.5928
2011-05-15,98110.5928
2011-05-16,98110.5928
2011-05-17,96497.9984
2011-05-18,95871.6743
2011-05-19,97891.1125
2011-05-20,97984.8063
2011-05-21,95756.8971
2011-05-22,95756.8971
2011-05-23,95756.8971
2011-05-24,93797.4179
2011-05-25,93184.3572
2011-05-26,95046.593
2011-05-27,95811.334
2011-05-28,96277.6954
2011-05-29,96277.6954
2011-05-30,96277.6954
2011-05-31,96277.6954
2011-06-01,98813.0068
2011-06-02,96046.9258
2011-06-03,96424.9619
2011-06-04,95549.4439
2011-06-05,95549.4439
2011-06-06,95549.4439
2011-06-07,92290.0278
2011-06-08,93125.6946
2011-06-09,92499.8643
2011-06-10,92307.1966
2011-06-11,91819.695
2011-06-12,91819.695
2011-06-13,91819.695
2011-06-14,91084.2516
2011-06-15,92556.4222
2011-06-16,89588.1656
2011-06-17,89143.8004
2011-06-18,88901.3169
2011-06-19,88901.3169
2011-06-20,88901.3169
2011-06-21,90379.8882
2011-06-22,92854.0316
2011-06-23,92181.8449
2011-06-24,92294.7083
2011-06-25,93066.794
2011-06-26,93066.794
2011-06-27,93066.794
2011-06-28,93354.1677
2011-06-29,95703.8166
2011-06-30,97855.2629
2011-07-01,98993.3338
2011-07-02,100871.4976
2011-07-03,100871.4976
2011-07-04,100871.4976
2011-07-05,100871.4976
2011-07-06,102481.0596
2011-07-07,102166.7939
2011-07-08,106207.2821
2011-07-09,105106.3819
2011-07-10,105106.3819
2011-07-11,105106.3819
2011-07-12,101288.8116
2011-07-13,101230.6941
2011-07-14,102504.1607
2011-07-15,101505.7456
2011-07-16,103035.9327
2011-07-17,103035.9327
2011-07-18,103035.9327
2011-07-19,101782.7576
2011-07-20,103351.2306
2011-07-21,103277.7733
2011-07-22,105008.7107
2011-07-23,105670.3764
2011-07-24,105670.3764
2011-07-25,105670.3764
2011-07-26,105255.7349
2011-07-27,104157.0541
2011-07-28,100725.096
2011-07-29,99829.6189
2011-07-30,99780.0611
2011-07-31,99780.0611
2011-08-01,99780.0611
2011-08-02,100485.7938
2011-08-03,98055.7931
2011-08-04,99385.0221
2011-08-05,93361.0594
2011-08-06,93356.6969
2011-08-07,93356.6969
2011-08-08,93356.6969
2011-08-09,85021.8135
2011-08-10,90774.0984
2011-08-11,87144.3934
2011-08-12,92171.747
2011-08-13,92360.1858
2011-08-14,92360.1858
2011-08-15,92360.1858
2011-08-16,94345.2676
2011-08-17,92218.9212
2011-08-18,91880.3168
2011-08-19,86042.7452
2011-08-20,84148.6691
2011-08-21,84148.6691
2011-08-22,84148.6691
2011-08-23,84306.6822
2011-08-24,88342.0171
2011-08-25,89262.632
2011-08-26,87051.0569
2011-08-27,89708.8196
2011-08-28,89708.8196
2011-08-29,89708.8196
2011-08-30,94078.2937
2011-08-31,94935.6268
2011-09-01,95242.6778
2011-09-02,92939.2484
2011-09-03,88743.0379
2011-09-04,88743.0379
2011-09-05,88743.0379
2011-09-06,88743.0379
2011-09-07,88844.1792
2011-09-08,92738.2908
2011-09-09,91794.6223
2011-09-10,89425.4556
2011-09-11,89425.4556
2011-09-12,89425.4556
2011-09-13,91987.9577
2011-09-14,92921.8058
2011-09-15,94586.6193
2011-09-16,95519.7099
2011-09-17,96383.8846
2011-09-18,96383.8846
2011-09-19,96383.8846
2011-09-20,94943.7635
2011-09-21,90788.0833
2011-09-22,88789.9876
2011-09-23,84421.3884
2011-09-24,83698.7303
2011-09-25,83698.7303
2011-09-26,83698.7303
2011-09-27,84322.4168
2011-09-28,86307.888
2011-09-29,82172.4077
2011-09-30,81617.0368
2011-10-01,78106.5206
2011-10-02,78106.5206
2011-10-03,78106.5206
2011-10-04,71534.9578
2011-10-05,76558.6641
2011-10-06,78200.6554
2011-10-07,79776.9481
2011-10-08,78566.3407
2011-10-09,78566.3407
2011-10-10,78566.3407
2011-10-11,81835.3114
2011-10-12,82028.8356
2011-10-13,85384.0538
2011-10-14,85731.0129
2011-10-15,87361.2176
2011-10-16,87361.2176
2011-10-17,87361.2176
2011-10-18,84277.397
2011-10-19,86898.4699
2011-10-20,86324.8424
2011-10-21,86671.9125
2011-10-22,88147.2962
2011-10-23,88147.2962
2011-10-24,88147.2962
2011-10-25,91190.3365
2011-10-26,89336.1042
2011-10-27,90384.9465
2011-10-28,96259.9117
2011-10-29,94949.1424
2011-10-30,94949.1424
2011-10-31,94949.1424
2011-11-01,93596.162
2011-11-02,90977.051
2011-11-03,92713.5618
2011-11-04,92769.4716
2011-11-05,91607.2267
2011-11-06,91607.2267
2011-11-07,91607.2267
2011-11-08,91897.3303
2011-11-09,93025.8803
2011-11-10,89815.3541
2011-11-11,89066.0624
2011-11-12,89775.774
2011-11-13,89775.774
2011-11-14,89775.774
2011-11-15,88343.841
2011-11-16,89457.7899
2011-11-17,86966.8825
2011-11-18,86229.7426
2011-11-19,87592.0933
2011-11-20,87592.0933
2011-11-21,87592.0933
2011-11-22,85790.8274
2011-11-23,85612.5781
2011-11-24,84576.6174
2011-11-25,84576.6174
2011-11-26,83431.2152
2011-11-27,83431.2152
2011-11-28,83431.2152
2011-11-29,86263.3319
2011-11-30,86324.9462
2011-12-01,88954.113
2011-12-02,87762.6613
2011-12-03,89620.2506
2011-12-04,89620.2506
2011-12-05,89620.2506
2011-12-06,90736.1588
2011-12-07,90974.0311
2011-12-08,90395.7869
2011-12-09,87154.43
2011-12-10,89658.1781
2011-12-11,89658.1781
2011-12-12,89658.1781
2011-12-13,88731.8066
2011-12-14,87559.5382
2011-12-15,87449.3438
2011-12-16,88258.6616
2011-12-17,89304.6524
2011-12-18,89304.6524
2011-12-19,89304.6524
2011-12-20,89546.5881
2011-12-21,95691.1282
2011-12-22,94458.225
2011-12-23,95354.6503
2011-12-24,93333.9402
2011-12-25,93333.9402
2011-12-26,93333.9402
2011-12-27,93333.9402
2011-12-28,91640.7345
2011-12-29,89133.3365
2011-12-30,93659.8673
2011-12-31,92406.8805
2012-01-01,92406.8805
2012-01-02,92406.8805
2012-01-03,92406.8805
2012-01-04,94076.0524
2012-01-05,93753.1086
2012-01-06,94347.2392
2012-01-07,92387.8079
2012-01-08,92387.8079
2012-01-09,92387.8079
2012-01-10,92041.3168
2012-01-11,93762.1336
2012-01-12,93646.6244
2012-01-13,94286.3183
2012-01-14,92507.5912
2012-01-15,92507.5912
2012-01-16,92507.5912
2012-01-17,92507.5912
2012-01-18,92218.0005
2012-01-19,95490.7889
2012-01-20,95552.8709
2012-01-21,95233.7712
2012-01-22,95233.7712
2012-01-23,95233.7712
2012-01-24,95376.08
2012-01-25,95949.3258
2012-01-26,96571.5855
2012-01-27,95295.0324
2012-01-28,94927.4806
2012-01-29,94927.4806
2012-01-30,94927.4806
2012-01-31,94483.2731
2012-02-01,94267.7556
2012-02-02,95769.1139
2012-02-03,97365.3336
2012-02-04,99110.1569
2012-02-05,99110.1569
2012-02-06,99110.1569
2012-02-07,96973.1195
2012-02-08,97361.3064
2012-02-09,98125.6426
2012-02-10,96172.1417
2012-02-11,95314.5168
2012-02-12,95314.5168
2012-02-13,95314.5168
2012-02-14,94638.8979
2012-02-15,94165.1893
2012-02-16,92232.0154
2012-02-17,94574.9189
2012-02-18,94126.0255
2012-02-19,94126.0255
2012-02-20,94126.0255
2012-02-21,94126.0255
2012-02-22,94679.8902
2012-02-23,93120.0312
2012-02-24,95183.0667
2012-02-25,95056.4865
2012-02-26,95056.4865
2012-02-27,95056.4865
2012-02-28,95702.8788
2012-02-29,94370.2124
2012-03-01,95783.3775
2012-03-02,96192.2526
2012-03-03,94742.97
2012-03-04,94742.97
2012-03-05,94742.97
2012-03-06,95365.3608
2012-03-07,93916.7213
2012-03-08,94454.5717
2012-03-09,96108.0553
2012-03-10,96907.7047
2012-03-11,96907.7047
2012-03-12,96907.7047
2012-03-13,97034.7532
2012-03-14,100491.6565
2012-03-15,100249.6063
2012-03-16,100718.6706
2012-03-17,99927.7506
2012-03-18,99927.7506
2012-03-19,99927.7506
2012-03-20,100826.1178
2012-03-21,100938.4105
2012-03-22,101159.2312
2012-03-23,100585.0987
2012-03-24,100773.6411
2012-03-25,100773.6411
2012-03-26,100773.6411
2012-03-27,102793.1592
2012-03-28,102918.5101
2012-03-29,102496.3771
2012-03-30,103372.0378
2012-03-31,104039.2949
2012-04-01,104039.2949
2012-04-02,104039.2949
2012-04-03,105511.4954
2012-04-04,104483.259
2012-04-05,102521.5526
2012-04-06,103691.18
2012-04-07,103691.18
2012-04-08,103691.18
2012-04-09,103691.18
2012-04-10,103342.1122
2012-04-11,101436.9186
2012-04-12,103097.432
2012-04-13,104569.1661
2012-04-14,103030.6194
2012-04-15,103030.6194
2012-04-16,103030.6194
2012-04-17,102745.6729
2012-04-18,104709.6125
2012-04-19,104332.2997
2012-04-20,103107.9756
2012-04-21,103731.4757
2012-04-22,103731.4757
2012-04-23,103731.4757
2012-04-24,103033.29
2012-04-25,103217.0951
2012-04-26,104688.0612
2012-04-27,105354.2575
2012-04-28,106886.892
2012-04-29,106886.892
2012-04-30,106886.892
2012-05-01,104909.4176
2012-05-02,103286.9608
2012-05-03,103350.8903
2012-05-04,101902.1902
2012-05-05,101670.3492
2012-05-06,101670.3492
2012-05-07,101670.3492
2012-05-08,101577.4444
2012-05-09,102288.8103
2012-05-10,103568.9647
2012-05-11,102255.0633
2012-05-12,102423.097
2012-05-13,102423.097
2012-05-14,102423.097
2012-05-15,99970.3716
2012-05-16,99775.2594
2012-05-17,100030.4325
2012-05-18,97712.6295
2012-05-19,96183.0866
2012-05-20,96183.0866
2012-05-21,96183.0866
2012-05-22,97393.9245
2012-05-23,95798.6418
2012-05-24,94852.5569
2012-05-25,96575.6337
2012-05-26,96777.7364
2012-05-27,96777.7364
2012-05-28,96777.7364
2012-05-29,96777.7364
2012-05-30,96636.0399
2012-05-31,95605.8301
2012-06-01,95910.932
2012-06-02,92700.1423
2012-06-03,92700.1423
2012-06-04,92700.1423
2012-06-05,93121.6274
2012-06-06,93527.578
2012-06-07,96858.9676
2012-06-08,96572.4304
2012-06-09,97445.8109
2012-06-10,97445.8109
2012-06-11,97445.8109
2012-06-12,95667.5641
2012-06-13,97203.9478
2012-06-14,96353.2594
2012-06-15,96378.7263
2012-06-16,96193.2633
2012-06-17,96193.2633
2012-06-18,96193.2633
2012-06-19,97240.2631
2012-06-20,99606.5009
2012-06-21,99005.0093
2012-06-22,95635.2394
2012-06-23,95983.3606
2012-06-24,95983.3606
2012-06-25,95983.3606
2012-06-26,95368.8358
2012-06-27,95801.2854
2012-06-28,97254.7477
2012-06-29,96047.4237
2012-06-30,98088.7677
2012-07-01,98088.7677
2012-07-02,98088.7677
2012-07-03,98030.7668
2012-07-04,98565.3858
2012-07-05,98565.3858
2012-07-06,98994.0584
2012-07-07,97576.9448
2012-07-08,97576.9448
2012-07-09,97576.9448
2012-07-10,97533.9406
2012-07-11,98030.5348
2012-07-12,99005.4821
2012-07-13,98737.0351
2012-07-14,100398.9368
2012-07-15,100398.9368
2012-07-16,100398.9368
2012-07-17,100860.1429
2012-07-18,101937.144
2012-07-19,102065.1498
2012-07-20,102000.2456
2012-07-21,100830.5388
2012-07-22,100830.5388
2012-07-23,100830.5388
2012-07-24,98844.6493
2012-07-25,98336.1604
2012-07-26,98318.1094
2012-07-27,99611.6541
2012-07-28,100482.2556
2012-07-29,100482.2556
2012-07-30,100482.2556
2012-07-31,100760.6381
2012-08-01,100467.8734
2012-08-02,99042.9098
2012-08-03,99523.2059
2012-08-04,102316.6738
2012-08-05,102316.6738
2012-08-06,102316.6738
2012-08-07,102833.7716
2012-08-08,103920.7869
2012-08-09,104514.1483
2012-08-10,105193.4069
2012-08-11,105090.5898
2012-08-12,105090.5898
2012-08-13,105090.5898
2012-08-14,105389.8598
2012-08-15,105577.4225
2012-08-16,105538.4643
2012-08-17,106488.647
2012-08-18,106776.6013
2012-08-19,106776.6013
2012-08-20,106776.6013
2012-08-21,106367.2168
2012-08-22,106476.162
2012-08-23,106060.9704
2012-08-24,105703.6387
2012-08-25,106141.5889
2012-08-26,106141.5889
2012-08-27,106141.5889
2012-08-28,106005.9032
2012-08-29,106544.0273
2012-08-30,106691.2738
2012-08-31,106039.8971
2012-09-01,106318.2423
2012-09-02,106318.2423
2012-09-03,106318.2423
2012-09-04,106318.2423
2012-09-05,107199.2675
2012-09-06,106788.5874
2012-09-07,109041.0079
2012-09-08,109570.7088
2012-09-09,109570.7088
2012-09-10,109570.7088
2012-09-11,108962.6292
2012-09-12,109565.7947
2012-09-13,109110.1307
2012-09-14,112036.8972
2012-09-15,112844.4646
2012-09-16,112844.4646
2012-09-17,112844.4646
2012-09-18,111551.6387
2012-09-19,111051.2924
2012-09-20,110994.6352
2012-09-21,111084.5601
2012-09-22,110257.0988
2012-09-23,110257.0988
2012-09-24,110257.0988
2012-09-25,110112.7428
2012-09-26,108364.9839
2012-09-27,108061.8068
2012-09-28,109225.2821
2012-09-29,108540.48
2012-09-30,108540.48
2012-10-01,108540.48
2012-10-02,109088.5356
2012-10-03,108435.9256
2012-10-04,110011.9893
2012-10-05,112667.616
2012-10-06,111887.2949
2012-10-07,111887.2949
2012-10-08,111887.2949
2012-10-09,111069.9193
2012-10-10,108974.0596
2012-10-11,107766.4049
2012-10-12,108773.7039
2012-10-13,107874.7348
2012-10-14,107874.7348
2012-10-15,107874.7348
2012-10-16,108780.9743
2012-10-17,109209.2212
2012-10-18,109986.9043
2012-10-19,109210.6808
2012-10-20,107261.4486
2012-10-21,107261.4486
2012-10-22,107261.4486
2012-10-23,106265.9735
2012-10-24,106185.8309
2012-10-25,106069.1366
2012-10-26,108213.2731
2012-10-27,107137.0398
2012-10-28,107137.0398
2012-10-29,107137.0398
2012-10-30,107137.0398
2012-10-31,107137.0398
2012-11-01,108318.7276
2012-11-02,108321.1196
2012-11-03,107380.8876
2012-11-04,107380.8876
2012-11-05,107380.8876
2012-11-06,108918.7271
2012-11-07,109437.6701
2012-11-08,107269.9555
2012-11-09,107143.544
2012-11-10,106231.3832
2012-11-11,106231.3832
2012-11-12,106231.3832
2012-11-13,105225.2697
2012-11-14,103947.3503
2012-11-15,101155.2214
2012-11-16,100029.6212
2012-11-17,101066.3018
2012-11-18,101066.3018
2012-11-19,101066.3018
2012-11-20,105472.6754
2012-11-21,104934.851
2012-11-22,105057.7723
2012-11-23,105057.7723
2012-11-24,106659.9518
2012-11-25,106659.9518
2012-11-26,106659.9518
2012-11-27,106678.8483
2012-11-28,130224.1213
2012-11-29,128406.8897
2012-11-30,132692.5554
2012-12-01,132172.3067
2012-12-02,132172.3067
2012-12-03,132172.3067
2012-12-04,131518.6753
2012-12-05,130954.9309
2012-12-06,129304.9251
2012-12-07,130365.3524
2012-12-08,130599.0079
2012-12-09,130599.0079
2012-12-10,130599.0079
2012-12-11,130055.2351
2012-12-12,131187.1992
2012-12-13,133999.1567
2012-12-14,132891.2903
2012-12-15,133133.249
2012-12-16,133133.249
2012-12-17,133133.249
2012-12-18,135243.1429
2012-12-19,135977.42
2012-12-20,135121.621
2012-12-21,136962.9101
2012-12-22,136403.9567
2012-12-23,136403.9567
2012-12-24,136403.9567
2012-12-25,136529.9885
2012-12-26,136529.9885
2012-12-27,136021.0068
2012-12-28,136037.8448
2012-12-29,135098.9876
2012-12-30,135098.9876
2012-12-31,135098.9876
2013-01-01,138493.6455
2013-01-02,138493.6455
2013-01-03,141487.5191
2013-01-04,141037.0409
2013-01-05,142141.566
2013-01-06,142141.566
2013-01-07,142141.566
2013-01-08,142003.6012
2013-01-09,143776.2213
2013-01-10,144226.024
2013-01-11,145639.2626
2013-01-12,145557.6031
2013-01-13,145557.6031
2013-01-14,145557.6031
2013-01-15,148238.9812
2013-01-16,149149.1547
2013-01-17,146858.4742
2013-01-18,148200.9264
2013-01-19,148090.0493
2013-01-20,148090.0493
2013-01-21,148090.0493
2013-01-22,148090.0493
2013-01-23,151147.1336
2013-01-24,151381.0688
2013-01-25,151007.4453
2013-01-26,152242.2586
2013-01-27,152242.2586
2013-01-28,152242.2586
2013-01-29,154894.5448
2013-01-30,153253.5046
2013-01-31,150329.6646
2013-02-01,149475.7632
2013-02-02,152023.2957
2013-02-03,152023.2957
2013-02-04,152023.2957
2013-02-05,149606.4068
2013-02-06,152161.569
2013-02-07,151927.2925
2013-02-08,146641.0548
2013-02-09,147683.6655
2013-02-10,147683.6655
2013-02-11,147683.6655
2013-02-12,148857.7248
2013-02-13,150257.6495
2013-02-14,150042.0807
2013-02-15,149662.6063
2013-02-16,149719.5618
2013-02-17,149719.5618
2013-02-18,149719.5618
2013-02-19,149719.5618
2013-02-20,151793.9815
2013-02-21,148900.2147
2013-02-22,148037.3392
2013-02-23,151224.4883
2013-02-24,151224.4883
2013-02-25,151224.4883
2013-02-26,147014.083
2013-02-27,148674.2193
2013-02-28,150710.353
2013-03-01,151208.2198
2013-03-02,151484.6572
2013-03-03,151484.6572
2013-03-04,151484.6572
2013-03-05,151240.2626
2013-03-06,153614.5276
2013-03-07,154219.8355
2013-03-08,153369.7364
2013-03-09,153570.4097
2013-03-10,153570.4097
2013-03-11,153570.4097
2013-03-12,152862.0102
2013-03-13,151957.585
2013-03-14,152901.3707
2013-03-15,155769.4281
2013-03-16,154762.2672
2013-03-17,154762.2672
2013-03-18,154762.2672
2013-03-19,153384.2422
2013-03-20,154924.063
2013-03-21,155946.3458
2013-03-22,160372.9154
2013-03-23,158728.0323
2013-03-24,158728.0323
2013-03-25,158728.0323
2013-03-26,161950.6331
2013-03-27,162694.5396
2013-03-28,162178.9845
2013-03-29,161885.2205
2013-03-30,161885.2205
2013-03-31,161885.2205
2013-04-01,161885.2205
2013-04-02,160816.1202
2013-04-03,158770.8143
2013-04-04,155985.8291
2013-04-05,157598.5565
2013-04-06,158311.9423
2013-04-07,158311.9423
2013-04-08,158311.9423
2013-04-09,161025.3433
2013-04-10,160593.3253
2013-04-11,162382.2896
2013-04-12,179715.5482
2013-04-13,176801.7411
2013-04-14,176801.7411
2013-04-15,176801.7411
2013-04-16,168630.4703
2013-04-17,172636.7742
2013-04-18,164579.2147
2013-04-19,162858.5533
2013-04-20,163865.206
2013-04-21,163865.206
2013-04-22,163865.206
2013-04-23,168307.346
2013-04-24,171512.9908
2013-04-25,172211.2384
2013-04-26,172854.3471
2013-04-27,172730.8192
2013-04-28,172730.8192
2013-04-29,172730.8192
2013-04-30,172330.0835
2013-05-01,171520.0606
2013-05-02,165859.4621
2013-05-03,167413.4739
2013-05-04,170015.6006
2013-05-05,170015.6006
2013-05-06,170015.6006
2013-05-07,170142.4067
2013-05-08,171718.3427
2013-05-09,171639.2158
2013-05-10,170453.4319
2013-05-11,171418.604
2013-05-12,171418.604
2013-05-13,171418.604
2013-05-14,171772.4157
2013-05-15,173555.3408
2013-05-16,175251.3429
2013-05-17,174357.4952
2013-05-18,175650.2603
2013-05-19,175650.2603
2013-05-20,175650.2603
2013-05-21,177193.6629
2013-05-22,176591.0039
2013-05-23,172948.4605
2013-05-24,173521.5456
2013-05-25,174505.8362
2013-05-26,174505.8362
2013-05-27,174505.8362
2013-05-28,174505.8362
2013-05-29,175683.2403
2013-05-30,173208.9147
2013-05-31,174451.8682
2013-06-01,172362.5539
2013-06-02,172362.5539
2013-06-03,172362.5539
2013-06-04,178530.8108
2013-06-05,174256.8419
2013-06-06,172055.8359
2013-06-07,178153.6093
2013-06-08,180174.5738
2013-06-09,180174.5738
2013-06-10,180174.5738
2013-06-11,187870.0607
2013-06-12,184005.7565
2013-06-13,183820.0794
2013-06-14,188240.5622
2013-06-15,189112.893
2013-06-16,189112.893
2013-06-17,189112.893
2013-06-18,189112.6174
2013-06-19,190639.5813
2013-06-20,187612.9063
2013-06-21,183451.8736
2013-06-22,183578.6589
2013-06-23,183578.6589
2013-06-24,183578.6589
2013-06-25,181344.9897
2013-06-26,181780.8067
2013-06-27,183193.8777
2013-06-28,188088.0038
2013-06-29,185527.9558
2013-06-30,185527.9558
2013-07-01,185527.9558
2013-07-02,187525.4076
2013-07-03,186568.5124
2013-07-04,187755.3269
2013-07-05,187755.3269
2013-07-06,191193.4155
2013-07-07,191193.4155
2013-07-08,191193.4155
2013-07-09,191442.8245
2013-07-10,192967.212
2013-07-11,193041.928
2013-07-12,193331.3331
2013-07-13,193920.2752
2013-07-14,193920.2752
2013-07-15,193920.2752
2013-07-16,197055.2363
2013-07-17,195455.5562
2013-07-18,195542.8967
2013-07-19,197126.8505
2013-07-20,198103.6343
2013-07-21,198103.6343
2013-07-22,198103.6343
2013-07-23,197490.3863
2013-07-24,196394.3145
2013-07-25,194706.6657
2013-07-26,194750.5135
2013-07-27,193862.4731
2013-07-28,193862.4731
2013-07-29,193862.4731
2013-07-30,195473.7656
2013-07-31,196707.1647
2013-08-01,197687.5208
2013-08-02,200363.868
2013-08-03,201896.8419
2013-08-04,201896.8419
2013-08-05,201896.8419
2013-08-06,204002.2363
2013-08-07,201423.6472
2013-08-08,198172.0087
2013-08-09,199083.6459
2013-08-10,199023.2553
2013-08-11,199023.2553
2013-08-12,199023.2553
2013-08-13,197317.7334
2013-08-14,197210.7117
2013-08-15,197188.0535
2013-08-16,193963.3154
2013-08-17,193425.8507
2013-08-18,193425.8507
2013-08-19,193425.8507
2013-08-20,192229.0918
2013-08-21,194902.4459
2013-08-22,195212.9694
2013-08-23,197542.2579
2013-08-24,198096.0091
2013-08-25,198096.0091
2013-08-26,198096.0091
2013-08-27,197465.4888
2013-08-28,188697.914
2013-08-29,189895.5667
2013-08-30,192012.8608
2013-08-31,188114.2637
2013-09-01,188114.2637
2013-09-02,188114.2637
2013-09-03,188114.2637
2013-09-04,192203.8316
2013-09-05,193037.0389
2013-09-06,194174.1141
2013-09-07,198072.148
2013-09-08,198072.148
2013-09-09,198072.148
2013-09-10,201822.4467
2013-09-11,205031.7878
2013-09-12,203880.771
2013-09-13,202150.2739
2013-09-14,203450.0157
2013-09-15,203450.0157
2013-09-16,203450.0157
2013-09-17,204291.4274
2013-09-18,206593.6526
2013-09-19,206167.4267
2013-09-20,205628.2416
2013-09-21,204246.1695
2013-09-22,204246.1695
2013-09-23,204246.1695
2013-09-24,201967.4352
2013-09-25,203545.1597
2013-09-26,202964.446
2013-09-27,204357.0184
2013-09-28,205307.7258
2013-09-29,205307.7258
2013-09-30,205307.7258
2013-10-01,204301.965
2013-10-02,206931.9565
2013-10-03,208109.1397
2013-10-04,205980.2559
2013-10-05,207991.9603
2013-10-06,207991.9603
2013-10-07,207991.9603
2013-10-08,204461.848
2013-10-09,196370.5421
2013-10-10,192217.3033
2013-10-11,200380.0665
2013-10-12,201600.1864
2013-10-13,201600.1864
2013-10-14,201600.1864
2013-10-15,204632.0728
2013-10-16,202666.7519
2013-10-17,205634.4689
2013-10-18,206359.9867
2013-10-19,207297.9451
2013-10-20,207297.9451
2013-10-21,207297.9451
2013-10-22,204962.0727
2013-10-23,206595.3658
2013-10-24,203150.5078
2013-10-25,208081.0117
2013-10-26,207757.5414
2013-10-27,207757.5414
2013-10-28,207757.5414
2013-10-29,206227.8036
2013-10-30,201619.7185
2013-10-31,197800.8031
2013-11-01,199130.9162
2013-11-02,198386.0806
2013-11-03,198386.0806
2013-11-04,198386.0806
2013-11-05,201758.3971
2013-11-06,202919.2582
2013-11-07,200306.1485
2013-11-08,197496.4362
2013-11-09,202321.4675
2013-11-10,202321.4675
2013-11-11,202321.4675
2013-11-12,203533.4252
2013-11-13,202912.8104
2013-11-14,205189.3921
2013-11-15,203176.9802
2013-11-16,202245.1667
2013-11-17,202245.1667
2013-11-18,202245.1667
2013-11-19,198364.9803
2013-11-20,196686.8919
2013-11-21,197924.5727
2013-11-22,203432.8035
2013-11-23,203973.1447
2013-11-24,203973.1447
2013-11-25,203973.1447
2013-11-26,203521.1651
2013-11-27,206499.8791
2013-11-28,208516.5808
2013-11-29,208516.5808
2013-11-30,211071.7968
2013-12-01,211071.7968
2013-12-02,211071.7968
2013-12-03,209235.8638
2013-12-04,204783.1616
2013-12-05,204116.1578
2013-12-06,202653.1097
2013-12-07,205876.2983
2013-12-08,205876.2983
2013-12-09,205876.2983
2013-12-10,203605.286
2013-12-11,205120.4895
2013-12-12,200742.8923
2013-12-13,202954.2875
2013-12-14,204630.6809
2013-12-15,204630.6809
2013-12-16,204630.6809
2013-12-17,209238.7724
2013-12-18,207706.5271
2013-12-19,209131.5484
2013-12-20,208771.0519
2013-12-21,215201.0033
2013-12-22,215201.0033
2013-12-23,215201.0033
2013-12-24,220052.0127
2013-12-25,222656.7514
2013-12-26,222656.7514
2013-12-27,222065.3864
2013-12-28,221558.7888
2013-12-29,221558.7888
2013-12-30,221558.7888
2013-12-31,220792.6996
2014-01-01,220493.4018
2014-01-02,220493.4018
2014-01-03,218698.0408
2014-01-04,219959.0276
2014-01-05,219959.0276
2014-01-06,219959.0276
2014-01-07,218262.9945
2014-01-08,218746.3731
2014-01-09,218257.3172
2014-01-10,219225.5301
2014-01-11,219590.0298
2014-01-12,219590.0298
2014-01-13,219590.0298
2014-01-14,216744.4468
2014-01-15,219664.5284
2014-01-16,221180.3627
2014-01-17,221059.1038
2014-01-18,218966.6091
2014-01-19,218966.6091
2014-01-20,218966.6091
2014-01-21,218966.6091
2014-01-22,220652.052
2014-01-23,223124.5201
2014-01-24,224530.6005
2014-01-25,214416.9953
2014-01-26,214416.9953
2014-01-27,214416.9953
2014-01-28,212308.011
2014-01-29,220111.0111
2014-01-30,216365.6184
2014-01-31,223665.0393
2014-02-01,220260.1796
2014-02-02,220260.1796
2014-02-03,220260.1796
2014-02-04,213457.2166
2014-02-05,218026.4943
2014-02-06,214740.6288
2014-02-07,217495.0353
2014-02-08,222953.5188
2014-02-09,222953.5188
2014-02-10,222953.5188
2014-02-11,219859.6732
2014-02-12,223808.2064
2014-02-13,224491.2666
2014-02-14,224829.8901
2014-02-15,225574.6571
2014-02-16,225574.6571
2014-02-17,225574.6571
2014-02-18,225574.6571
2014-02-19,226780.0044
2014-02-20,221455.3172
2014-02-21,221529.6996
2014-02-22,231666.1527
2014-02-23,231666.1527
2014-02-24,231666.1527
2014-02-25,231731.3331
2014-02-26,235493.0057
2014-02-27,236242.8586
2014-02-28,245106.8337
2014-03-01,240579.9275
2014-03-02,240579.9275
2014-03-03,240579.9275
2014-03-04,240433.04
2014-03-05,247293.5695
2014-03-06,244393.1025
2014-03-07,242130.3676
2014-03-08,241938.0649
2014-03-09,241938.0649
2014-03-10,241938.0649
2014-03-11,241934.8767
2014-03-12,239138.7834
2014-03-13,241997.9273
2014-03-14,235485.3504
2014-03-15,236522.8644
2014-03-16,236522.8644
2014-03-17,236522.8644
2014-03-18,241753.4024
2014-03-19,248532.1238
2014-03-20,246154.7437
2014-03-21,249843.2603
2014-03-22,247916.4801
2014-03-23,247916.4801
2014-03-24,247916.4801
2014-03-25,242252.7358
2014-03-26,242581.3277
2014-03-27,237881.5648
2014-03-28,237933.7139
2014-03-29,238961.0015
2014-03-30,238961.0015
2014-03-31,238961.0015
2014-04-01,244158.4402
2014-04-02,247145.3055
2014-04-03,246563.5368
2014-04-04,242152.4609
2014-04-05,234840.6912
2014-04-06,234840.6912
2014-04-07,234840.6912
2014-04-08,227167.3927
2014-04-09,229324.8304
2014-04-10,235144.5916
2014-04-11,223304.5597
2014-04-12,219116.033
2014-04-13,219116.033
2014-04-14,219116.033
2014-04-15,216785.6609
2014-04-16,217002.9294
2014-04-17,222006.4644
2014-04-18,223419.2596
2014-04-19,223419.2596
2014-04-20,223419.2596
2014-04-21,223419.2596
2014-04-22,224686.604
2014-04-23,230551.1459
2014-04-24,225426.7275
2014-04-25,225172.1684
2014-04-26,219062.9045
2014-04-27,219062.9045
2014-04-28,219062.9045
2014-04-29,216849.1265
2014-04-30,218637.1995
2014-05-01,222759.8698
2014-05-02,220686.3215
2014-05-03,222194.6734
2014-05-04,222194.6734
2014-05-05,222194.6734
2014-05-06,221791.3856
2014-05-07,215527.22
2014-05-08,215381.5647
2014-05-09,201708.0815
2014-05-10,204270.0274
2014-05-11,204270.0274
2014-05-12,204270.0274
2014-05-13,211575.8935
2014-05-14,207528.2028
2014-05-15,203694.1893
2014-05-16,203733.7961
2014-05-17,204599.3467
2014-05-18,204599.3467
2014-05-19,204599.3467
2014-05-20,209118.5923
2014-05-21,205431.918
2014-05-22,205923.3851
2014-05-23,206850.1746
2014-05-24,209753.5903
2014-05-25,209753.5903
2014-05-26,209753.5903
2014-05-27,209753.5903
2014-05-28,213451.9082
2014-05-29,212477.4291
2014-05-30,214675.9538
2014-05-31,213437.866
2014-06-01,213437.866
2014-06-02,213437.866
2014-06-03,211803.119
2014-06-04,210619.5498
2014-06-05,212786.4623
2014-06-06,220342.2961
2014-06-07,222133.9546
2014-06-08,222133.9546
2014-06-09,222133.9546
2014-06-10,225139.299
2014-06-11,223108.2388
2014-06-12,219807.8942
2014-06-13,216117.0283
2014-06-14,215918.8651
2014-06-15,215918.8651
2014-06-16,215918.8651
2014-06-17,216561.7969
2014-06-18,216560.7439
2014-06-19,219631.9705
2014-06-20,218522.4378
2014-06-21,222012.5005
2014-06-22,222012.5005
2014-06-23,222012.5005
2014-06-24,221813.6844
2014-06-25,222593.6089
2014-06-26,226025.8199
2014-06-27,225650.7299
2014-06-28,227297.6774
2014-06-29,227297.6774
2014-06-30,227297.6774
2014-07-01,225538.088
2014-07-02,227820.2322
2014-07-03,227021.7855
2014-07-04,229048.6733
2014-07-05,229048.6733
2014-07-06,229048.6733
2014-07-07,229048.6733
2014-07-08,224220.0614
2014-07-09,222493.5766
2014-07-10,225349.2587
2014-07-11,222358.6632
2014-07-12,223650.4081
2014-07-13,223650.4081
2014-07-14,223650.4081
2014-07-15,225093.0468
2014-07-16,222357.8163
2014-07-17,221680.276
2014-07-18,217895.5218
2014-07-19,220937.826
2014-07-20,220937.826
2014-07-21,220937.826
2014-07-22,218479.2971
2014-07-23,222321.7902
2014-07-24,221306.6733
2014-07-25,220599.9421
2014-07-26,218806.5732
2014-07-27,218806.5732
2014-07-28,218806.5732
2014-07-29,217360.4405
2014-07-30,216329.1262
2014-07-31,217564.8008
2014-08-01,213393.8379
2014-08-02,212787.8785
2014-08-03,212787.8785
2014-08-04,212787.8785
2014-08-05,215926.3387
2014-08-06,215193.1389
2014-08-07,216243.1715
2014-08-08,213602.9028
2014-08-09,215805.9934
2014-08-10,215805.9934
2014-08-11,215805.9934
2014-08-12,219073.3956
2014-08-13,216504.6055
2014-08-14,218028.1757
2014-08-15,218747.2692
2014-08-16,220621.4896
2014-08-17,220621.4896
2014-08-18,220621.4896
2014-08-19,226355.9069
2014-08-20,226341.5795
2014-08-21,227441.9747
2014-08-22,225470.8803
2014-08-23,226046.455
2014-08-24,226046.455
2014-08-25,226046.455
2014-08-26,226439.1672
2014-08-27,229511.51
2014-08-28,229028.0244
2014-08-29,228148.8446
2014-08-30,230034.5389
2014-08-31,230034.5389
2014-09-01,230034.5389
2014-09-02,230034.5389
2014-09-03,231491.0271
2014-09-04,227760.624
2014-09-05,223816.789
2014-09-06,226463.1893
2014-09-07,226463.1893
2014-09-08,226463.1893
2014-09-09,226119.5463
2014-09-10,223939.0623
2014-09-11,224454.3157
2014-09-12,226210.3561
2014-09-13,224351.0156
2014-09-14,224351.0156
2014-09-15,224351.0156
2014-09-16,218412.3209
2014-09-17,219044.7962
2014-09-18,219596.5564
2014-09-19,219006.2816
2014-09-20,218255.8718
2014-09-21,218255.8718
2014-09-22,218255.8718
2014-09-23,217227.7862
2014-09-24,214683.1175
2014-09-25,216451.9402
2014-09-26,212424.129
2014-09-27,214785.3773
2014-09-28,214785.3773
2014-09-29,214785.3773
2014-09-30,214481.4332
2014-10-01,210090.2595
2014-10-02,208775.7098
2014-10-03,209976.0637
2014-10-04,211895.8541
2014-10-05,211895.8541
2014-10-06,211895.8541
2014-10-07,208243.1258
2014-10-08,206663.0862
2014-10-09,211064.4122
2014-10-10,204027.6854
2014-10-11,200353.9836
2014-10-12,200353.9836
2014-10-13,200353.9836
2014-10-14,198310.8518
2014-10-15,198955.7819
2014-10-16,204241.5141
2014-10-17,206050.7484
2014-10-18,209477.1965
2014-10-19,209477.1965
2014-10-20,209477.1965
2014-10-21,212347.2012
2014-10-22,214828.5837
2014-10-23,211874.1865
2014-10-24,213718.1602
2014-10-25,215534.2972
2014-10-26,215534.2972
2014-10-27,215534.2972
2014-10-28,215973.8649
2014-10-29,223144.9737
2014-10-30,221516.1879
2014-10-31,227129.4891
2014-11-01,229558.2311
2014-11-02,229558.2311
2014-11-03,229558.2311
2014-11-04,229809.5556
2014-11-05,231514.0818
2014-11-06,230463.9746
2014-11-07,233898.2963
2014-11-08,234589.971
2014-11-09,234589.971
2014-11-10,234589.971
2014-11-11,240873.2982
2014-11-12,242339.2205
2014-11-13,246384.2601
2014-11-14,244396.5338
2014-11-15,246167.137
2014-11-16,246167.137
2014-11-17,246167.137
2014-11-18,242607.9574
2014-11-19,246812.214
2014-11-20,241526.2546
2014-11-21,243021.9737
2014-11-22,242413.443
2014-11-23,242413.443
2014-11-24,242413.443
2014-11-25,246046.6809
2014-11-26,246218.6035
2014-11-27,247158.3029
2014-11-28,247158.3029
2014-11-29,244296.3622
2014-11-30,244296.3622
2014-12-01,244296.3622
2014-12-02,234912.1352
2014-12-03,242150.7455
2014-12-04,242357.8873
2014-12-05,238376.4735
2014-12-06,238804.6463
2014-12-07,238804.6463
2014-12-08,238804.6463
2014-12-09,234485.4577
2014-12-10,242212.2738
2014-12-11,239223.4013
2014-12-12,247168.6419
2014-12-13,245863.4212
2014-12-14,245863.4212
2014-12-15,245863.4212
2014-12-16,241679.2091
2014-12-17,241835.633
2014-12-18,244971.3747
2014-12-19,247466.0815
2014-12-20,249749.5376
2014-12-21,249749.5376
2014-12-22,249749.5376
2014-12-23,251323.4661
2014-12-24,251130.4927
2014-12-25,252564.3753
2014-12-26,252564.3753
2014-12-27,253228.3145
2014-12-28,253228.3145
2014-12-29,253228.3145
2014-12-30,253427.7222
2014-12-31,251911.0962
2015-01-01,250246.8417
2015-01-02,250246.8417
2015-01-03,251813.8275
2015-01-04,251813.8275
2015-01-05,251813.8275
2015-01-06,249282.1939
2015-01-07,244796.5073
2015-01-08,250846.8231
2015-01-09,253658.1323
2015-01-10,250169.2341
2015-01-11,250169.2341
2015-01-12,250169.2341
2015-01-13,247603.2875
2015-01-14,245320.6167
2015-01-15,245444.4264
2015-01-16,237966.3454
2015-01-17,243429.0807
2015-01-18,243429.0807
2015-01-19,243429.0807
2015-01-20,243429.0807
2015-01-21,244833.5781
2015-01-22,244854.279
2015-01-23,248268.8182
2015-01-24,246610.0978
2015-01-25,246610.0978
2015-01-26,246610.0978
2015-01-27,252502.8024
2015-01-28,252457.335
2015-01-29,248548.1948
2015-01-30,250336.7269
2015-01-31,240506.2348
2015-02-01,240506.2348
2015-02-02,240506.2348
2015-02-03,239804.2308
2015-02-04,240346.8054
2015-02-05,238425.7286
2015-02-06,240675.0217
2015-02-07,242202.9959
2015-02-08,242202.9959
2015-02-09,242202.9959
2015-02-10,241879.9142
2015-02-11,241297.3998
2015-02-12,243969.6271
2015-02-13,244186.2911
2015-02-14,244325.1434
2015-02-15,244325.1434
2015-02-16,244325.1434
2015-02-17,244325.1434
2015-02-18,243719.2701
2015-02-19,244961.2327
2015-02-20,244873.1687
2015-02-21,244251.4372
2015-02-22,244251.4372
2015-02-23,244251.4372
2015-02-24,243592.7993
2015-02-25,244677.6523
2015-02-26,248704.6584
2015-02-27,250067.9133
2015-02-28,246251.4061
2015-03-01,246251.4061
2015-03-02,246251.4061
2015-03-03,245777.2328
2015-03-04,242932.6206
2015-03-05,245772.6442
2015-03-06,247062.3174
2015-03-07,242884.8174
2015-03-08,242884.8174
2015-03-09,242884.8174
2015-03-10,246385.192
2015-03-11,246642.1758
2015-03-12,247247.4856
2015-03-13,250450.563
2015-03-14,253706.869
2015-03-15,253706.869
2015-03-16,253706.869
2015-03-17,256164.6141
2015-03-18,255080.2759
2015-03-19,258596.126
2015-03-20,262029.2136
2015-03-21,261382.8611
2015-03-22,261382.8611
2015-03-23,261382.8611
2015-03-24,259919.9786
2015-03-25,258781.4763
2015-03-26,246804.1132
2015-03-27,245604.8099
2015-03-28,246973.4618
2015-03-29,246973.4618
2015-03-30,246973.4618
2015-03-31,246592.3981
2015-04-01,242637.2539
2015-04-02,244521.8087
2015-04-03,243153.9366
2015-04-04,243153.9366
2015-04-05,243153.9366
2015-04-06,243153.9366
2015-04-07,240983.2048
2015-04-08,239420.0604
2015-04-09,246569.1748
2015-04-10,243822.6228
2015-04-11,248550.1196
2015-04-12,248550.1196
2015-04-13,248550.1196
2015-04-14,247171.1411
2015-04-15,246724.6191
2015-04-16,249645.2085
2015-04-17,252576.2288
2015-04-18,249035.7718
2015-04-19,249035.7718
2015-04-20,249035.7718
2015-04-21,249796.2559
2015-04-22,252263.2098
2015-04-23,253625.1151
2015-04-24,254672.3846
2015-04-25,254974.5856
2015-04-26,254974.5856
2015-04-27,254974.5856
2015-04-28,247944.8607
2015-04-29,247330.2827
2015-04-30,244503.5792
2015-05-01,236760.6157
2015-05-02,239918.5122
2015-05-03,239918.5122
2015-05-04,239918.5122
2015-05-05,239587.7251
2015-05-06,233980.1875
2015-05-07,235898.8481
2015-05-08,238836.4891
2015-05-09,242200.1794
2015-05-10,242200.1794
2015-05-11,242200.1794
2015-05-12,243185.5707
2015-05-13,246351.7703
2015-05-14,245539.0606
2015-05-15,244836.3788
2015-05-16,245690.5459
2015-05-17,245690.5459
2015-05-18,245690.5459
2015-05-19,247956.0089
2015-05-20,247119.9614
2015-05-21,247927.9804
2015-05-22,245327.5303
2015-05-23,244533.4662
2015-05-24,244533.4662
2015-05-25,244533.4662
2015-05-26,244533.4662
2015-05-27,241863.705
2015-05-28,244945.475
2015-05-29,243524.4978
2015-05-30,239784.6898
2015-05-31,239784.6898
2015-06-01,239784.6898
2015-06-02,243017.3781
2015-06-03,242395.2667
2015-06-04,245645.7413
2015-06-05,243148.9148
2015-06-06,246893.5294
2015-06-07,246893.5294
2015-06-08,246893.5294
2015-06-09,244106.7461
2015-06-10,242070.0945
2015-06-11,244840.0237
2015-06-12,246268.504
2015-06-13,244568.7237
2015-06-14,244568.7237
2015-06-15,244568.7237
2015-06-16,240817.9608
2015-06-17,242579.5555
2015-06-18,243570.0852
2015-06-19,251083.8578
2015-06-20,250053.4508
2015-06-21,250053.4508
2015-06-22,250053.4508
2015-06-23,250624.8975
2015-06-24,252759.4153
2015-06-25,250975.7922
2015-06-26,251934.5208
2015-06-27,252301.7839
2015-06-28,252301.7839
2015-06-29,252301.7839
2015-06-30,243551.4791
2015-07-01,247476.2512
2015-07-02,247910.1846
2015-07-03,246859.7479
2015-07-04,246859.7479
2015-07-05,246859.7479
2015-07-06,246859.7479
2015-07-07,247544.257
2015-07-08,249201.5826
2015-07-09,247142.7378
2015-07-10,250922.5308
2015-07-11,255476.7341
2015-07-12,255476.7341
2015-07-13,255476.7341
2015-07-14,259052.1294
2015-07-15,263885.267
2015-07-16,261706.1712
2015-07-17,263877.0788
2015-07-18,264051.7325
2015-07-19,264051.7325
2015-07-20,264051.7325
2015-07-21,263055.7258
2015-07-22,261142.0038
2015-07-23,264446.3372
2015-07-24,263646.712
2015-07-25,258972.1813
2015-07-26,258972.1813
2015-07-27,258972.1813
2015-07-28,254567.3552
2015-07-29,258678.7083
2015-07-30,253932.7436
2015-07-31,254677.1507
2015-08-01,257603.5105
2015-08-02,257603.5105
2015-08-03,257603.5105
2015-08-04,258466.0044
2015-08-05,257078.4764
2015-08-06,256907.2038
2015-08-07,251663.3139
2015-08-08,245837.9864
2015-08-09,245837.9864
2015-08-10,245837.9864
2015-08-11,245877.3729
2015-08-12,243830.3495
2015-08-13,245232.3545
2015-08-14,242328.8604
2015-08-15,241548.2823
2015-08-16,241548.2823
2015-08-17,241548.2823
2015-08-18,245204.4402
2015-08-19,243686.7334
2015-08-20,241380.1783
2015-08-21,233627.583
2015-08-22,230469.3276
2015-08-23,230469.3276
2015-08-24,230469.3276
2015-08-25,219777.4273
2015-08-26,218590.4022
2015-08-27,225340.1078
2015-08-28,228936.9272
2015-08-29,232053.9928
2015-08-30,232053.9928
2015-08-31,232053.9928
2015-09-01,228383.5155
2015-09-02,222556.644
2015-09-03,230291.794
2015-09-04,230595.2087
2015-09-05,230223.7269
2015-09-06,230223.7269
2015-09-07,230223.7269
2015-09-08,230223.7269
2015-09-09,234189.9483
2015-09-10,228685.391
2015-09-11,231132.7888
2015-09-12,234452.0995
2015-09-13,234452.0995
2015-09-14,234452.0995
2015-09-15,234061.5744
2015-09-16,235747.1044
2015-09-17,236369.4828
2015-09-18,245104.9433
2015-09-19,239645.5367
2015-09-20,239645.5367
2015-09-21,239645.5367
2015-09-22,232579.1673
2015-09-23,228423.6096
2015-09-24,226875.4251
2015-09-25,224671.7144
2015-09-26,218993.1454
2015-09-27,218993.1454
2015-09-28,218993.1454
2015-09-29,210199.9412
2015-09-30,204751.5134
2015-10-01,211895.6459
2015-10-02,214104.369
2015-10-03,216958.2428
2015-10-04,216958.2428
2015-10-05,216958.2428
2015-10-06,222670.6252
2015-10-07,216450.6493
2015-10-08,221148.4591
2015-10-09,220857.5051
2015-10-10,220615.5388
2015-10-11,220615.5388
2015-10-12,220615.5388
2015-10-13,224017.0366
2015-10-14,222238.7673
2015-10-15,219287.7151
2015-10-16,226211.6186
2015-10-17,226755.2002
2015-10-18,226755.2002
2015-10-19,226755.2002
2015-10-20,227350.8145
2015-10-21,224832.1484
2015-10-22,220489.6414
2015-10-23,222629.9189
2015-10-24,226239.1274
2015-10-25,226239.1274
2015-10-26,226239.1274
2015-10-27,225699.0076
2015-10-28,223499.1264
2015-10-29,229430.4915
2015-10-30,226660.9853
2015-10-31,224586.1659
2015-11-01,224586.1659
2015-11-02,224586.1659
2015-11-03,229569.2833
2015-11-04,225720.8678
2015-11-05,224325.9137
2015-11-06,232458.1983
2015-11-07,233659.7069
2015-11-08,233659.7069
2015-11-09,233659.7069
2015-11-10,225453.3951
2015-11-11,228424.6929
2015-11-12,227320.6521
2015-11-13,224489.8047
2015-11-14,222686.0659
2015-11-15,222686.0659
2015-11-16,222686.0659
2015-11-17,219093.2539
2015-11-18,218017.7482
2015-11-19,221693.7329
2015-11-20,223580.9732
2015-11-21,222943.4449
2015-11-22,222943.4449
2015-11-23,222943.4449
2015-11-24,223649.6237
2015-11-25,225382.2881
2015-11-26,226953.7287
2015-11-27,226953.7287
2015-11-28,227980.5712
2015-11-29,227980.5712
2015-11-30,227980.5712
2015-12-01,222932.4281
2015-12-02,223095.4945
2015-12-03,222076.5499
2015-12-04,221600.319
2015-12-05,224680.1493
2015-12-06,224680.1493
2015-12-07,224680.1493
2015-12-08,221825.3963
2015-12-09,225618.1908
2015-12-10,218687.7122
2015-12-11,216677.45
2015-12-12,210902.7057
2015-12-13,210902.7057
2015-12-14,210902.7057
2015-12-15,209154.2948
2015-12-16,210677.3006
2015-12-17,212711.8955
2015-12-18,209314.5086
2015-12-19,207723.976
2015-12-20,207723.976
2015-12-21,207723.976
2015-12-22,206908.4062
2015-12-23,211092.8838
2015-12-24,216860.2218
2015-12-25,214754.9416
2015-12-26,214754.9416
2015-12-27,214754.9416
2015-12-28,214754.9416
2015-12-29,214982.4043
2015-12-30,215336.0784
2015-12-31,215445.7694
2016-01-01,212182.0362
2016-01-02,212182.0362
2016-01-03,212182.0362
2016-01-04,212182.0362
2016-01-05,205455.4336
2016-01-06,207315.6469
2016-01-07,205926.6254
2016-01-08,200178.0781
2016-01-09,197102.8277
2016-01-10,197102.8277
2016-01-11,197102.8277
2016-01-12,199577.7721
2016-01-13,201354.893
2016-01-14,195073.7063
2016-01-15,198224.8584
2016-01-16,194135.6595
2016-01-17,194135.6595
2016-01-18,194135.6595
2016-01-19,194135.6595
2016-01-20,193166.2345
2016-01-21,193455.5099
2016-01-22,192528.0222
2016-01-23,199263.1754
2016-01-24,199263.1754
2016-01-25,199263.1754
2016-01-26,197445.9387
2016-01-27,200174.9254
2016-01-28,197876.0783
2016-01-29,198978.0453
2016-01-30,207609.0139
2016-01-31,207609.0139
2016-02-01,207609.0139
2016-02-02,203390.8717
2016-02-03,201414.1481
2016-02-04,205000.544
2016-02-05,199388.9267
2016-02-06,191295.6589
2016-02-07,191295.6589
2016-02-08,191295.6589
2016-02-09,191490.2178
2016-02-10,187973.3279
2016-02-11,188000.4857
2016-02-12,188973.6171
2016-02-13,190222.9663
2016-02-14,190222.9663
2016-02-15,190222.9663
2016-02-16,190222.9663
2016-02-17,192148.4809
2016-02-18,193147.723
2016-02-19,193371.0912
2016-02-20,193512.6738
2016-02-21,193512.6738
2016-02-22,193512.6738
2016-02-23,192001.3259
2016-02-24,193215.935
2016-02-25,195216.4188
2016-02-26,196649.9367
2016-02-27,192577.2434
2016-02-28,192577.2434
2016-02-29,192577.2434
2016-03-01,194617.4184
2016-03-02,197115.7283
2016-03-03,197848.7603
2016-03-04,196452.5076
2016-03-05,198059.3702
2016-03-06,198059.3702
2016-03-07,198059.3702
2016-03-08,198265.6467
2016-03-09,199679.9972
2016-03-10,203028.0022
2016-03-11,202106.8229
2016-03-12,203043.9918
2016-03-13,203043.9918
2016-03-14,203043.9918
2016-03-15,200608.0617
2016-03-16,201191.4414
2016-03-17,204010.8266
2016-03-18,207044.3301
2016-03-19,207850.3026
2016-03-20,207850.3026
2016-03-21,207850.3026
2016-03-22,205361.4745
2016-03-23,206528.1335
2016-03-24,204988.6052
2016-03-25,206872.9018
2016-03-26,206872.9018
2016-03-27,206872.9018
2016-03-28,206872.9018
2016-03-29,207173.9633
2016-03-30,212953.0549
2016-03-31,211499.1487
2016-04-01,211091.6698
2016-04-02,214579.5738
2016-04-03,214579.5738
2016-04-04,214579.5738
2016-04-05,212659.3507
2016-04-06,208778.4212
2016-04-07,209935.4347
2016-04-08,208922.2928
2016-04-09,207998.155
2016-04-10,207998.155
2016-04-11,207998.155
2016-04-12,210172.9902
2016-04-13,212225.9887
2016-04-14,216655.8423
2016-04-15,216637.5834
2016-04-16,218304.2105
2016-04-17,218304.2105
2016-04-18,218304.2105
2016-04-19,218432.9171
2016-04-20,221066.0466
2016-04-21,218896.1239
2016-04-22,216417.8586
2016-04-23,217897.348
2016-04-24,217897.348
2016-04-25,217897.348
2016-04-26,217713.5738
2016-04-27,223172.7536
2016-04-28,222721.5819
2016-04-29,222093.8366
2016-04-30,222348.5886
2016-05-01,222348.5886
2016-05-02,222348.5886
2016-05-03,228046.6652
2016-05-04,226060.4644
2016-05-05,226295.9174
2016-05-06,232478.1669
2016-05-07,235923.4981
2016-05-08,235923.4981
2016-05-09,235923.4981
2016-05-10,235759.6522
2016-05-11,235988.4179
2016-05-12,235251.7163
2016-05-13,234189.6101
2016-05-14,231964.8047
2016-05-15,231964.8047
2016-05-16,231964.8047
2016-05-17,233158.2562
2016-05-18,224415.8169
2016-05-19,225884.718
2016-05-20,225717.4856
2016-05-21,227575.558
2016-05-22,227575.558
2016-05-23,227575.558
2016-05-24,229620.7544
2016-05-25,235947.4373
2016-05-26,236645.3883
2016-05-27,236735.8677
2016-05-28,237110.3546
2016-05-29,237110.3546
2016-05-30,237110.3546
2016-05-31,237110.3546
2016-06-01,236866.7143
2016-06-02,239510.5584
2016-06-03,242234.9668
2016-06-04,242788.049
2016-06-05,242788.049
2016-06-06,242788.049
2016-06-07,243491.6153
2016-06-08,245306.7759
2016-06-09,249651.3133
2016-06-10,246925.8901
2016-06-11,244976.3557
2016-06-12,244976.3557
2016-06-13,244976.3557
2016-06-14,244810.2083
2016-06-15,248605.1768
2016-06-16,248014.8709
2016-06-17,256277.8227
2016-06-18,251783.9734
2016-06-19,251783.9734
2016-06-20,251783.9734
2016-06-21,253252.7032
2016-06-22,255387.6931
2016-06-23,254693.7438
2016-06-24,257686.0605
2016-06-25,252270.8621
2016-06-26,252270.8621
2016-06-27,252270.8621
2016-06-28,250017.1148
2016-06-29,251087.2907
2016-06-30,256027.0242
2016-07-01,264811.1644
2016-07-02,264749.4359
2016-07-03,264749.4359
2016-07-04,264749.4359
2016-07-05,264749.4359
2016-07-06,264951.0515
2016-07-07,263486.3884
2016-07-08,262573.3005
2016-07-09,269777.6025
2016-07-10,269777.6025
2016-07-11,269777.6025
2016-07-12,276402.2633
2016-07-13,277773.4604
2016-07-14,278466.091
2016-07-15,275770.1708
2016-07-16,276183.2542
2016-07-17,276183.2542
2016-07-18,276183.2542
2016-07-19,277123.5077
2016-07-20,276596.6249
2016-07-21,278260.4292
2016-07-22,274791.9512
2016-07-23,277093.4623
2016-07-24,277093.4623
2016-07-25,277093.4623
2016-07-26,275430.9264
2016-07-27,278295.352
2016-07-28,276519.7575
2016-07-29,275001.9409
2016-07-30,276480.5225
2016-07-31,276480.5225
2016-08-01,276480.5225
2016-08-02,277751.2107
2016-08-03,274019.3951
2016-08-04,277027.8153
2016-08-05,279682.9684
2016-08-06,273351.4772
2016-08-07,273351.4772
2016-08-08,273351.4772
2016-08-09,273457.3335
2016-08-10,274175.4196
2016-08-11,271871.1294
2016-08-12,283412.0667
2016-08-13,283537.8735
2016-08-14,283537.8735
2016-08-15,283537.8735
2016-08-16,284533.5418
2016-08-17,278365.6004
2016-08-18,278319.2267
2016-08-19,278770.9668
2016-08-20,278522.6505
2016-08-21,278522.6505
2016-08-22,278522.6505
2016-08-23,276978.3321
2016-08-24,277177.65
2016-08-25,276413.2643
2016-08-26,278241.8251
2016-08-27,276468.0739
2016-08-28,276468.0739
2016-08-29,276468.0739
2016-08-30,275545.2185
2016-08-31,276117.2129
2016-09-01,272876.2448
2016-09-02,274510.5096
2016-09-03,276976.2313
2016-09-04,276976.2313
2016-09-05,276976.2313
2016-09-06,276976.2313
2016-09-07,277182.2916
2016-09-08,278044.8139
2016-09-09,277725.1764
2016-09-10,267420.1438
2016-09-11,267420.1438
2016-09-12,267420.1438
2016-09-13,271469.8136
2016-09-14,264840.6539
2016-09-15,265977.2791
2016-09-16,270208.38
2016-09-17,271164.6501
2016-09-18,271164.6501
2016-09-19,271164.6501
2016-09-20,271891.8052
2016-09-21,270370.3933
2016-09-22,274812.6595
2016-09-23,281481.7863
2016-09-24,280285.293
2016-09-25,280285.293
2016-09-26,280285.293
2016-09-27,277606.8282
2016-09-28,279802.6175
2016-09-29,281151.3545
2016-09-30,280228.2275
2016-10-01,281262.2337
2016-10-02,281262.2337
2016-10-03,281262.2337
2016-10-04,279628.3063
2016-10-05,277592.9282
2016-10-06,283348.4041
2016-10-07,285301.9963
2016-10-08,281754.9974
2016-10-09,281754.9974
2016-10-10,281754.9974
2016-10-11,283129.5811
2016-10-12,276684.9673
2016-10-13,278517.3967
2016-10-14,275323.5746
2016-10-15,276498.6766
2016-10-16,276498.6766
2016-10-17,276498.6766
2016-10-18,277313.5615
2016-10-19,279113.9324
2016-10-20,281263.2476
2016-10-21,281332.3592
2016-10-22,280744.8361
2016-10-23,280744.8361
2016-10-24,280744.8361
2016-10-25,283821.0138
2016-10-26,281848.1668
2016-10-27,281359.8842
2016-10-28,280208.0958
2016-10-29,278335.1915
2016-10-30,278335.1915
2016-10-31,278335.1915
2016-11-01,280327.9305
2016-11-02,277563.5265
2016-11-03,271917.8167
2016-11-04,275466.6498
2016-11-05,269772.4382
2016-11-06,269772.4382
2016-11-07,269772.4382
2016-11-08,283954.5035
2016-11-09,290292.7341
2016-11-10,301713.9576
2016-11-11,305195.0244
2016-11-12,313950.9539
2016-11-13,313950.9539
2016-11-14,313950.9539
2016-11-15,322250.091
2016-11-16,318755.611
2016-11-17,323049.5415
2016-11-18,328216.4284
2016-11-19,329476.5221
2016-11-20,329476.5221
2016-11-21,329476.5221
2016-11-22,332301.851
2016-11-23,339261.3313
2016-11-24,339170.3381
2016-11-25,339170.3381
2016-11-26,342297.0618
2016-11-27,342297.0618
2016-11-28,342297.0618
2016-11-29,339251.0553
2016-11-30,339852.4612
2016-12-01,333501.5379
2016-12-02,329212.7056
2016-12-03,335440.2194
2016-12-04,335440.2194
2016-12-05,335440.2194
2016-12-06,341906.3208
2016-12-07,342933.4587
2016-12-08,347732.4461
2016-12-09,349671.1956
2016-12-10,356497.5043
2016-12-11,356497.5043
2016-12-12,356497.5043
2016-12-13,347687.158
2016-12-14,352006.5508
2016-12-15,349293.291
2016-12-16,354440.0086
2016-12-17,348975.6393
2016-12-18,348975.6393
2016-12-19,348975.6393
2016-12-20,355559.9128
2016-12-21,361838.8263
2016-12-22,356853.795
2016-12-23,354478.5151
2016-12-24,353857.5866
2016-12-25,353857.5866
2016-12-26,353857.5866
2016-12-27,353857.5866
2016-12-28,354478.0503
2016-12-29,349531.2873
2016-12-30,348343.6991
2016-12-31,345015.1632
2017-01-01,345015.1632
2017-01-02,345015.1632
2017-01-03,345015.1632
2017-01-04,342831.7834
2017-01-05,352486.0416
2017-01-06,349377.8664
2017-01-07,349538.362
2017-01-08,349538.362
2017-01-09,349538.362
2017-01-10,345518.4037
2017-01-11,349774.3212
2017-01-12,354975.6313
2017-01-13,350389.2044
2017-01-14,352609.4387
2017-01-15,352609.4387
2017-01-16,352609.4387
2017-01-17,352609.4387
2017-01-18,346564.6668
2017-01-19,349389.4808
2017-01-20,341672.393
2017-01-21,345697.1947
2017-01-22,345697.1947
2017-01-23,345697.1947
2017-01-24,343496.7977
2017-01-25,351321.4209
2017-01-26,355623.6475
2017-01-27,356955.3129
2017-01-28,356840.2861
2017-01-29,356840.2861
2017-01-30,356840.2861
2017-01-31,348702.8191
2017-02-01,347640.2157
2017-02-02,351291.431
2017-02-03,346206.9014
2017-02-04,349787.2442
2017-02-05,349787.2442
2017-02-06,349787.2442
2017-02-07,345705.0174
2017-02-08,343507.914
2017-02-09,341679.1228
2017-02-10,344981.6544
2017-02-11,351469.9749
2017-02-12,351469.9749
2017-02-13,351469.9749
2017-02-14,353902.9595
2017-02-15,352526.47
2017-02-16,354773.0295
2017-02-17,352112.6824
2017-02-18,356749.9847
2017-02-19,356749.9847
2017-02-20,356749.9847
2017-02-21,356749.9847
2017-02-22,363451.5561
2017-02-23,361784.2603
2017-02-24,352924.4225
2017-02-25,347314.2975
2017-02-26,347314.2975
2017-02-27,347314.2975
2017-02-28,348468.8031
2017-03-01,338064.5396
2017-03-02,346243.0987
2017-03-03,341139.825
2017-03-04,342208.5175
2017-03-05,342208.5175
2017-03-06,342208.5175
2017-03-07,339196.8158
2017-03-08,338903.5502
2017-03-09,330127.2208
2017-03-10,329716.1301
2017-03-11,331449.4212
2017-03-12,331449.4212
2017-03-13,331449.4212
2017-03-14,331832.9391
2017-03-15,325973.6367
2017-03-16,333653.2113
2017-03-17,333615.9739
2017-03-18,334273.2579
2017-03-19,334273.2579
2017-03-20,334273.2579
2017-03-21,334348.2713
2017-03-22,322722.4535
2017-03-23,324527.5548
2017-03-24,327543.097
2017-03-25,326041.8739
2017-03-26,326041.8739
2017-03-27,326041.8739
2017-03-28,328719.936
2017-03-29,334542.7347
2017-03-30,337123.0657
2017-03-31,341321.9385
2017-04-01,343036.4917
2017-04-02,343036.4917
2017-04-03,343036.4917
2017-04-04,338319.5591
2017-04-05,337713.5348
2017-04-06,334951.3415
2017-04-07,340935.2497
2017-04-08,341547.098
2017-04-09,341547.098
2017-04-10,341547.098
2017-04-11,340284.7792
2017-04-12,347723.0503
2017-04-13,338572.3242
2017-04-14,333575.9355
2017-04-15,333575.9355
2017-04-16,333575.9355
2017-04-17,333575.9355
2017-04-18,338673.463
2017-04-19,339890.7662
2017-04-20,343838.7435
2017-04-21,349592.6745
2017-04-22,349215.6117
2017-04-23,349215.6117
2017-04-24,349215.6117
2017-04-25,358287.8416
2017-04-26,365784.2424
2017-04-27,371259.5789
2017-04-28,372347.0786
2017-04-29,369418.6006
2017-04-30,369418.6006
2017-05-01,369418.6006
2017-05-02,376226.2297
2017-05-03,364238.1506
2017-05-04,357851.6093
2017-05-05,362281.5838
2017-05-06,361636.6933
2017-05-07,361636.6933
2017-05-08,361636.6933
2017-05-09,356934.8727
2017-05-10,360395.2707
2017-05-11,365910.5978
2017-05-12,363453.5876
2017-05-13,364138.7717
2017-05-14,364138.7717
2017-05-15,364138.7717
2017-05-16,364846.5953
2017-05-17,364786.0373
2017-05-18,349151.2315
2017-05-19,348895.4689
2017-05-20,353928.9698
2017-05-21,353928.9698
2017-05-22,353928.9698
2017-05-23,351573.4699
2017-05-24,349410.4666
2017-05-25,352175.2609
2017-05-26,354585.4318
2017-05-27,355167.2729
2017-05-28,355167.2729
2017-05-29,355167.2729
2017-05-30,355167.2729
2017-05-31,349134.5041
2017-06-01,346002.3508
2017-06-02,354918.0041
2017-06-03,358159.0278
2017-06-04,358159.0278
2017-06-05,358159.0278
2017-06-06,356411.5129
2017-06-07,352295.562
2017-06-08,354515.9282
2017-06-09,358197.8222
2017-06-10,357881.4841
2017-06-11,357881.4841
2017-06-12,357881.4841
2017-06-13,352998.5755
2017-06-14,357318.6999
2017-06-15,346502.697
2017-06-16,343119.8436
2017-06-17,343311.1116
2017-06-18,343311.1116
2017-06-19,343311.1116
2017-06-20,350316.973
2017-06-21,347044.7429
2017-06-22,343672.582
2017-06-23,342998.8382
2017-06-24,343542.437
2017-06-25,343542.437
2017-06-26,343542.437
2017-06-27,343289.9873
2017-06-28,335047.8612
2017-06-29,345225.0202
2017-06-30,337370.7883
2017-07-01,338937.5075
2017-07-02,338937.5075
2017-07-03,338937.5075
2017-07-04,339672.6448
2017-07-05,339672.6448
2017-07-06,343255.2248
2017-07-07,341261.0745
2017-07-08,350884.7625
2017-07-09,350884.7625
2017-07-10,350884.7625
2017-07-11,355607.2783
2017-07-12,361370.6215
2017-07-13,367345.2503
2017-07-14,367959.2484
2017-07-15,371872.3496
2017-07-16,371872.3496
2017-07-17,371872.3496
2017-07-18,375415.8798
2017-07-19,375415.0226
2017-07-20,378865.2687
2017-07-21,380128.1046
2017-07-22,379568.4511
2017-07-23,379568.4511
2017-07-24,379568.4511
2017-07-25,382332.1487
2017-07-26,384170.3638
2017-07-27,383878.4199
2017-07-28,379754.1443
2017-07-29,378539.2952
2017-07-30,378539.2952
2017-07-31,378539.2952
2017-08-01,376400.6247
2017-08-02,377350.5599
2017-08-03,372898.1707
2017-08-04,371740.1406
2017-08-05,373600.2266
2017-08-06,373600.2266
2017-08-07,373600.2266
2017-08-08,376521.1202
2017-08-09,373291.3696
2017-08-10,370050.3994
2017-08-11,360601.0436
2017-08-12,369244.375
2017-08-13,369244.375
2017-08-14,369244.375
2017-08-15,376727.8543
2017-08-16,373211.1471
2017-08-17,373413.0629
2017-08-18,364708.9654
2017-08-19,366733.9023
2017-08-20,366733.9023
2017-08-21,366733.9023
2017-08-22,367054.7585
2017-08-23,375643.2874
2017-08-24,373772.9271
2017-08-25,373525.8583
2017-08-26,371189.6052
2017-08-27,371189.6052
2017-08-28,371189.6052
2017-08-29,374513.3864
2017-08-30,376278.3832
2017-08-31,380476.9561
2017-09-01,387459.1564
2017-09-02,389866.344
2017-09-03,389866.344
2017-09-04,389866.344
2017-09-05,389866.344
2017-09-06,383314.8946
2017-09-07,382890.7899
2017-09-08,387085.2876
2017-09-09,384686.1666
2017-09-10,384686.1666
2017-09-11,384686.1666
2017-09-12,389164.7004
2017-09-13,391318.1876
2017-09-14,394418.2621
2017-09-15,399733.293
2017-09-16,402230.4217
2017-09-17,402230.4217
2017-09-18,402230.4217
2017-09-19,407858.1753
2017-09-20,412330.8704
2017-09-21,413620.817
2017-09-22,413168.5015
2017-09-23,416991.0063
2017-09-24,416991.0063
2017-09-25,416991.0063
2017-09-26,413089.7427
2017-09-27,412586.2088
2017-09-28,422929.6906
2017-09-29,427879.8962
2017-09-30,427530.2301
2017-10-01,427530.2301
2017-10-02,427530.2301
2017-10-03,434861.1388
2017-10-04,432296.1219
2017-10-05,431052.8032
2017-10-06,435275.9054
2017-10-07,435086.183
2017-10-08,435086.183
2017-10-09,435086.183
2017-10-10,434856.1333
2017-10-11,437233.5556
2017-10-12,440809.5457
2017-10-13,444621.2785
2017-10-14,448531.5668
2017-10-15,448531.5668
2017-10-16,448531.5668
2017-10-17,450180.4679
2017-10-18,448299.4132
2017-10-19,450112.6917
2017-10-20,446680.6392
2017-10-21,446463.9966
2017-10-22,446463.9966
2017-10-23,446463.9966
2017-10-24,446263.3602
2017-10-25,449764.15
2017-10-26,450394.727
2017-10-27,450305.8377
2017-10-28,454840.6503
2017-10-29,454840.6503
2017-10-30,454840.6503
2017-10-31,457871.4129
2017-11-01,458565.8128
2017-11-02,456125.4539
2017-11-03,454534.5816
2017-11-04,439611.3938
2017-11-05,439611.3938
2017-11-06,439611.3938
2017-11-07,434364.5916
2017-11-08,430756.111
2017-11-09,433839.0957
2017-11-10,428863.6691
2017-11-11,422756.5264
2017-11-12,422756.5264
2017-11-13,422756.5264
2017-11-14,427137.9142
2017-11-15,427638.6362
2017-11-16,420176.168
2017-11-17,428965.7243
2017-11-18,425488.9237
2017-11-19,425488.9237
2017-11-20,425488.9237
2017-11-21,426881.5861
2017-11-22,432336.0118
2017-11-23,428950.944
2017-11-24,428950.944
2017-11-25,434094.961
2017-11-26,434094.961
2017-11-27,434094.961
2017-11-28,425776.1427
2017-11-29,434779.4197
2017-11-30,428009.4156
2017-12-01,433083.089
2017-12-02,428090.4541
2017-12-03,428090.4541
2017-12-04,428090.4541
2017-12-05,424152.8138
2017-12-06,422198.8307
2017-12-07,417277.0221
2017-12-08,421685.3832
2017-12-09,423073.8634
2017-12-10,423073.8634
2017-12-11,423073.8634
2017-12-12,423492.2229
2017-12-13,420098.9705
2017-12-14,421559.287
2017-12-15,421218.4628
2017-12-16,428023.1609
2017-12-17,428023.1609
2017-12-18,428023.1609
2017-12-19,435893.0225
2017-12-20,438789.6961
2017-12-21,445771.6961
2017-12-22,446736.5945
2017-12-23,441706.1097
2017-12-24,441706.1097
2017-12-25,441706.1097
2017-12-26,441706.1097
2017-12-27,437572.7574
2017-12-28,438937.7105
2017-12-29,439854.1013
2017-12-30,434991.986
2017-12-31,434991.986
2018-01-01,434991.986
2018-01-02,434991.986
2018-01-03,444914.3144
2018-01-04,446479.3782
2018-01-05,446663.4302
2018-01-06,453003.4588
2018-01-07,453003.4588
2018-01-08,453003.4588
2018-01-09,448225.059
2018-01-10,447325.7143
2018-01-11,448784.5393
2018-01-12,468085.5414
2018-01-13,462347.7586
2018-01-14,462347.7586
2018-01-15,462347.7586
2018-01-16,462347.7586
2018-01-17,454730.9147
2018-01-18,460169.6421
2018-01-19,450131.175
2018-01-20,455102.6856
2018-01-21,455102.6856
2018-01-22,455102.6856
2018-01-23,463534.7823
2018-01-24,459821.1669
2018-01-25,461373.4397
2018-01-26,469976.2141
2018-01-27,481144.2717
2018-01-28,481144.2717
2018-01-29,481144.2717
2018-01-30,477289.1574
2018-01-31,469038.8004
2018-02-01,463943.6794
2018-02-02,461400.6402
2018-02-03,454790.8753
2018-02-04,454790.8753
2018-02-05,454790.8753
2018-02-06,447417.6616
2018-02-07,458805.567
2018-02-08,453391.0738
2018-02-09,431629.6466
2018-02-10,440675.9318
2018-02-11,440675.9318
2018-02-12,440675.9318
2018-02-13,446631.849
2018-02-14,443161.4689
2018-02-15,454022.0501
2018-02-16,456681.0517
2018-02-17,451820.2413
2018-02-18,451820.2413
2018-02-19,451820.2413
2018-02-20,451820.2413
2018-02-21,455565.3754
2018-02-22,459350.2575
2018-02-23,454913.7346
2018-02-24,464049.8737
2018-02-25,464049.8737
2018-02-26,464049.8737
2018-02-27,465096.6337
2018-02-28,457001.5005
2018-03-01,452087.9095
2018-03-02,454451.2233
2018-03-03,458103.4664
2018-03-04,458103.4664
2018-03-05,458103.4664
2018-03-06,463883.9179
2018-03-07,460668.0289
2018-03-08,460907.5412
2018-03-09,486705.1132
2018-03-10,482164.9065
2018-03-11,482164.9065
2018-03-12,482164.9065
2018-03-13,479398.1552
2018-03-14,482445.692
2018-03-15,482499.3481
2018-03-16,477469.6356
2018-03-17,480557.6339
2018-03-18,480557.6339
2018-03-19,480557.6339
2018-03-20,474524.316
2018-03-21,474333.2184
2018-03-22,474864.7418
2018-03-23,469095.2232
2018-03-24,462439.5878
2018-03-25,462439.5878
2018-03-26,462439.5878
2018-03-27,470457.1492
2018-03-28,459570.2202
2018-03-29,455631.4302
2018-03-30,462334.4447
2018-03-31,462334.4447
2018-04-01,462334.4447
2018-04-02,462334.4447
2018-04-03,453957.6972
2018-04-04,459927.6865
2018-04-05,467821.7123
2018-04-06,472188.9739
2018-04-07,465605.6669
2018-04-08,465605.6669
2018-04-09,465605.6669
2018-04-10,467698.7243
2018-04-11,474834.7313
2018-04-12,475744.9784
2018-04-13,483329.1865
2018-04-14,488301.4265
2018-04-15,488301.4265
2018-04-16,488301.4265
2018-04-17,488424.8487
2018-04-18,496650.1191
2018-04-19,497079.3303
2018-04-20,494811.2334
2018-04-21,488639.9063
2018-04-22,488639.9063
2018-04-23,488639.9063
2018-04-24,491979.2017
2018-04-25,487977.7003
2018-04-26,488115.4247
2018-04-27,500569.8674
2018-04-28,503610.7352
2018-04-29,503610.7352
2018-04-30,503610.7352
2018-05-01,507105.2251
2018-05-02,513866.092
2018-05-03,515212.3793
2018-05-04,506961.9772
2018-05-05,507982.6832
2018-05-06,507982.6832
2018-05-07,507982.6832
2018-05-08,510089.3085
2018-05-09,504600.2706
2018-05-10,517561.5872
2018-05-11,518739.4588
2018-05-12,520861.115
2018-05-13,520861.115
2018-05-14,520861.115
2018-05-15,525857.9521
2018-05-16,529042.366
2018-05-17,532930.3854
2018-05-18,544649.2054
2018-05-19,545417.2753
2018-05-20,545417.2753
2018-05-21,545417.2753
2018-05-22,548021.5781
2018-05-23,537947.7498
2018-05-24,540964.9783
2018-05-25,544343.9773
2018-05-26,545462.281
2018-05-27,545462.281
2018-05-28,545462.281
2018-05-29,545462.281
2018-05-30,545505.6997
2018-05-31,551715.5485
2018-06-01,549175.9617
2018-06-02,558086.4699
2018-06-03,558086.4699
2018-06-04,558086.4699
2018-06-05,557227.9756
2018-06-06,563268.682
2018-06-07,568381.9598
2018-06-08,573593.7229
2018-06-09,574562.9385
2018-06-10,574562.9385
2018-06-11,574562.9385
2018-06-12,574662.8291
2018-06-13,582562.9414
2018-06-14,576358.7925
2018-06-15,574305.8079
2018-06-16,572100.4854
2018-06-17,572100.4854
2018-06-18,572100.4854
2018-06-19,575628.8955
2018-06-20,578068.0987
2018-06-21,586526.068
2018-06-22,581221.1192
2018-06-23,578840.6369
2018-06-24,578840.6369
2018-06-25,578840.6369
2018-06-26,567687.903
2018-06-27,576651.8387
2018-06-28,571191.2055
2018-06-29,567635.7861
2018-06-30,566950.1107
2018-07-01,566950.1107
2018-07-02,566950.1107
2018-07-03,567713.0617
2018-07-04,567021.2071
2018-07-05,567021.2071
2018-07-06,566853.7693
2018-07-07,568014.5093
2018-07-08,568014.5093
2018-07-09,568014.5093
2018-07-10,564886.2857
2018-07-11,568545.2463
2018-07-12,559608.7505
2018-07-13,564224.3654
2018-07-14,560230.9975
2018-07-15,560230.9975
2018-07-16,560230.9975
2018-07-17,556628.0031
2018-07-18,560827.0921
2018-07-19,565996.3548
2018-07-20,566693.5909
2018-07-21,564578.5049
2018-07-22,564578.5049
2018-07-23,564578.5049
2018-07-24,565382.2343
2018-07-25,555014.1928
2018-07-26,556242.0383
2018-07-27,555394.7875
2018-07-28,541303.0647
2018-07-29,541303.0647
2018-07-30,541303.0647
2018-07-31,536534.6183
2018-08-01,544958.7807
2018-08-02,544083.4243
2018-08-03,546719.6988
2018-08-04,542812.0228
2018-08-05,542812.0228
2018-08-06,542812.0228
2018-08-07,546246.0472
2018-08-08,554587.8546
2018-08-09,555783.8673
2018-08-10,557502.4081
2018-08-11,559835.4284
2018-08-12,559835.4284
2018-08-13,559835.4284
2018-08-14,563547.1735
2018-08-15,561513.8422
2018-08-16,549281.0586
2018-08-17,551336.9869
2018-08-18,555311.8851
2018-08-19,555311.8851
2018-08-20,555311.8851
2018-08-21,562766.0145
2018-08-22,568970.243
2018-08-23,566834.3643
2018-08-24,565987.4335
2018-08-25,577184.8523
2018-08-26,577184.8523
2018-08-27,577184.8523
2018-08-28,565816.65
2018-08-29,571093.2113
2018-08-30,574340.1501
2018-08-31,581297.2436
2018-09-01,592297.9395
2018-09-02,592297.9395
2018-09-03,592297.9395
2018-09-04,592297.9395
2018-09-05,587019.6758
2018-09-06,579452.3378
2018-09-07,574760.7685
2018-09-08,567022.4204
2018-09-09,567022.4204
2018-09-10,567022.4204
2018-09-11,569591.7414
2018-09-12,571000.1253
2018-09-13,566546.0454
2018-09-14,572774.8382
2018-09-15,573201.7542
2018-09-16,573201.7542
2018-09-17,573201.7542
2018-09-18,562552.3872
2018-09-19,562697.226
2018-09-20,558371.8542
2018-09-21,563514.0089
2018-09-22,563715.4536
2018-09-23,563715.4536
2018-09-24,563715.4536
2018-09-25,564602.2518
2018-09-26,565484.3333
2018-09-27,559768.6657
2018-09-28,563316.92
2018-09-29,568991.2195
2018-09-30,568991.2195
2018-10-01,568991.2195
2018-10-02,567607.3467
2018-10-03,562932.2952
2018-10-04,558485.5944
2018-10-05,550365.6158
2018-10-06,551937.6824
2018-10-07,551937.6824
2018-10-08,551937.6824
2018-10-09,547312.2384
2018-10-10,552256.6893
2018-10-11,539787.8586
2018-10-12,527817.1995
2018-10-13,532567.6679
2018-10-14,532567.6679
2018-10-15,532567.6679
2018-10-16,533465.3075
2018-10-17,551314.889
2018-10-18,544348.6808
2018-10-19,536671.0202
2018-10-20,527020.5869
2018-10-21,527020.5869
2018-10-22,527020.5869
2018-10-23,532804.264
2018-10-24,527016.8426
2018-10-25,510615.2563
2018-10-26,522675.2988
2018-10-27,515003.0919
2018-10-28,515003.0919
2018-10-29,515003.0919
2018-10-30,511328.5782
2018-10-31,520804.976
2018-11-01,522172.3545
2018-11-02,527324.7833
2018-11-03,529576.3944
2018-11-04,529576.3944
2018-11-05,529576.3944
2018-11-06,524807.193
2018-11-07,527005.2424
2018-11-08,533333.7503
2018-11-09,543432.0832
2018-11-10,541377.9905
2018-11-11,541377.9905
2018-11-12,541377.9905
2018-11-13,536739.8796
2018-11-14,538336.7384
2018-11-15,535563.0228
2018-11-16,537588.0165
2018-11-17,541353.7491
2018-11-18,541353.7491
2018-11-19,541353.7491
2018-11-20,527759.0147
2018-11-21,509297.984
2018-11-22,527113.0997
2018-11-23,527113.0997
2018-11-24,530786.7485
2018-11-25,530786.7485
2018-11-26,530786.7485
2018-11-27,527477.3938
2018-11-28,532181.6176
2018-11-29,545082.7821
2018-11-30,540632.3776
2018-12-01,544898.032
2018-12-02,544898.032
2018-12-03,544898.032
2018-12-04,548957.4164
2018-12-05,528000.739
2018-12-06,528000.739
2018-12-07,534347.5836
2018-12-08,510141.6327
2018-12-09,510141.6327
2018-12-10,510141.6327
2018-12-11,505113.9196
2018-12-12,511556.724
2018-12-13,516383.6221
2018-12-14,508658.2364
2018-12-15,499688.1744
2018-12-16,499688.1744
2018-12-17,499688.1744
2018-12-18,485595.7313
2018-12-19,492657.9997
2018-12-20,486681.6828
2018-12-21,469654.9361
2018-12-22,448200.1654
2018-12-23,448200.1654
2018-12-24,448200.1654
2018-12-25,440351.9282
2018-12-26,440351.9282
2018-12-27,473197.296
2018-12-28,472291.392
2018-12-29,475216.4689
2018-12-30,475216.4689
2018-12-31,475216.4689
2019-01-01,479181.6562
2019-01-02,479181.6562
2019-01-03,477879.6216
2019-01-04,465399.9835
2019-01-05,484080.4976
2019-01-06,484080.4976
2019-01-07,484080.4976
2019-01-08,491741.9883
2019-01-09,495897.3207
2019-01-10,500635.9148
2019-01-11,495044.0082
2019-01-12,502691.9988
2019-01-13,502691.9988
2019-01-14,502691.9988
2019-01-15,501578.699
2019-01-16,507502.8364
2019-01-17,507061.9333
2019-01-18,517517.6292
2019-01-19,522021.84
2019-01-20,522021.84
2019-01-21,522021.84
2019-01-22,522021.84
2019-01-23,511974.9386
2019-01-24,511586.2236
2019-01-25,515860.8231
2019-01-26,522151.4524
2019-01-27,522151.4524
2019-01-28,522151.4524
2019-01-29,522711.5972
2019-01-30,521645.1447
2019-01-31,528213.6364
2019-02-01,531662.6183
2019-02-02,531228.1591
2019-02-03,531228.1591
2019-02-04,531228.1591
2019-02-05,549010.5866
2019-02-06,550181.2966
2019-02-07,550459.7322
2019-02-08,549269.0349
2019-02-09,554733.4156
2019-02-10,554733.4156
2019-02-11,554733.4156
2019-02-12,558958.8827
2019-02-13,570584.1698
2019-02-14,571397.8372
2019-02-15,566029.2048
2019-02-16,576271.2907
2019-02-17,576271.2907
2019-02-18,576271.2907
2019-02-19,576271.2907
2019-02-20,583310.0606
2019-02-21,584564.7293
2019-02-22,584670.2968
2019-02-23,592792.7712
2019-02-24,592792.7712
2019-02-25,592792.7712
2019-02-26,592086.6126
2019-02-27,593014.7613
2019-02-28,602097.8955
2019-03-01,605488.9907
2019-03-02,612634.5136
2019-03-03,612634.5136
2019-03-04,612634.5136
2019-03-05,604403.8075
2019-03-06,608205.0106
2019-03-07,600455.8263
2019-03-08,597479.6058
2019-03-09,598754.9497
2019-03-10,598754.9497
2019-03-11,598754.9497
2019-03-12,616844.947
2019-03-13,622149.0295
2019-03-14,622222.8587
2019-03-15,624245.116
2019-03-16,633393.388
2019-03-17,633393.388
2019-03-18,633393.388
2019-03-19,644116.4382
2019-03-20,642078.5306
2019-03-21,640219.0996
2019-03-22,650611.8853
2019-03-23,634078.361
2019-03-24,634078.361
2019-03-25,634078.361
2019-03-26,639236.2359
2019-03-27,650538.2964
2019-03-28,643451.2791
2019-03-29,646480.7935
2019-03-30,643705.0041
2019-03-31,643705.0041
2019-04-01,643705.0041
2019-04-02,644813.9068
2019-04-03,638343.4076
2019-04-04,639843.1279
2019-04-05,640861.2776
2019-04-06,642712.0454
2019-04-07,642712.0454
2019-04-08,642712.0454
2019-04-09,642027.3891
2019-04-10,637020.9543
2019-04-11,648522.7588
2019-04-12,654449.3071
2019-04-13,658416.6611
2019-04-14,658416.6611
2019-04-15,658416.6611
2019-04-16,654776.8529
2019-04-17,656984.1038
2019-04-18,646679.326
2019-04-19,647748.5607
2019-04-20,647748.5607
2019-04-21,647748.5607
2019-04-22,647748.5607
2019-04-23,652999.046
2019-04-24,668121.9498
2019-04-25,665497.1632
2019-04-26,674117.5795
2019-04-27,677643.9297
2019-04-28,677643.9297
2019-04-29,677643.9297
2019-04-30,686881.4447
2019-05-01,684291.1633
2019-05-02,678595.3877
2019-05-03,682332.0491
2019-05-04,710472.5594
2019-05-05,710472.5594
2019-05-06,710472.5594
2019-05-07,719582.6231
2019-05-08,710480.7894
2019-05-09,710826.9215
2019-05-10,701353.3146
2019-05-11,712551.9785
2019-05-12,712551.9785
2019-05-13,712551.9785
2019-05-14,684714.726
2019-05-15,704354.6956
2019-05-16,711900.4546
2019-05-17,720982.4424
2019-05-18,728317.9144
2019-05-19,728317.9144
2019-05-20,728317.9144
2019-05-21,717574.7683
2019-05-22,729307.6081
2019-05-23,725678.6271
2019-05-24,714009.8743
2019-05-25,718443.5161
2019-05-26,718443.5161
2019-05-27,718443.5161
2019-05-28,718443.5161
2019-05-29,720461.6134
2019-05-30,707263.991
2019-05-31,710637.3859
2019-06-01,700187.4426
2019-06-02,700187.4426
2019-06-03,700187.4426
2019-06-04,688744.4401
2019-06-05,699856.0509
2019-06-06,722206.8536
2019-06-07,720058.0537
2019-06-08,730030.4519
2019-06-09,730030.4519
2019-06-10,730030.4519
2019-06-11,739067.3484
2019-06-12,737785.5939
2019-06-13,743100.4154
2019-06-14,747010.3223
2019-06-15,756604.1275
2019-06-16,756604.1275
2019-06-17,756604.1275
2019-06-18,772201.969
2019-06-19,771126.8201
2019-06-20,793128.8632
2019-06-21,805863.9879
2019-06-22,770068.5942
2019-06-23,770068.5942
2019-06-24,770068.5942
2019-06-25,773484.6701
2019-06-26,767781.6762
2019-06-27,761969.3415
2019-06-28,773521.0429
2019-06-29,786870.3249
2019-06-30,786870.3249
2019-07-01,786870.3249
2019-07-02,774597.6847
2019-07-03,782139.006
2019-07-04,788989.1151
2019-07-05,788989.1151
2019-07-06,790361.293
2019-07-07,790361.293
2019-07-08,790361.293
2019-07-09,776954.0911
2019-07-10,788584.3362
2019-07-11,793243.0856
2019-07-12,797878.1309
2019-07-13,790783.5186
2019-07-14,790783.5186
2019-07-15,790783.5186
2019-07-16,790902.653
2019-07-17,785460.3694
2019-07-18,775925.7666
2019-07-19,779046.9385
2019-07-20,771565.0634
2019-07-21,771565.0634
2019-07-22,771565.0634
2019-07-23,763431.1906
2019-07-24,746181.9297
2019-07-25,757103.3753
2019-07-26,751736.4161
2019-07-27,760732.4254
2019-07-28,760732.4254
2019-07-29,760732.4254
2019-07-30,761914.8531
2019-07-31,766238.3513
2019-08-01,759437.2504
2019-08-02,766581.9271
2019-08-03,759759.5878
2019-08-04,759759.5878
2019-08-05,759759.5878
2019-08-06,739071.7337
2019-08-07,734946.5554
2019-08-08,731840.178
2019-08-09,750299.9731
2019-08-10,754968.625
2019-08-11,754968.625
2019-08-12,754968.625
2019-08-13,753651.9649
2019-08-14,762355.6402
2019-08-15,743399.1436
2019-08-16,735257.0031
2019-08-17,743746.8713
2019-08-18,743746.8713
2019-08-19,743746.8713
2019-08-20,748286.57
2019-08-21,752507.8737
2019-08-22,763479.2042
2019-08-23,756913.4615
2019-08-24,734500.8187
2019-08-25,734500.8187
2019-08-26,734500.8187
2019-08-27,751364.3544
2019-08-28,751214.4319
2019-08-29,754656.1145
2019-08-30,766859.6143
2019-08-31,755116.054
2019-09-01,755116.054
2019-09-02,755116.054
2019-09-03,755116.054
2019-09-04,718508.7564
2019-09-05,708934.0074
2019-09-06,719676.6607
2019-09-07,705843.3212
2019-09-08,705843.3212
2019-09-09,705843.3212
2019-09-10,757819.8341
2019-09-11,763436.9933
2019-09-12,778640.3633
2019-09-13,774023.365
2019-09-14,790903.773
2019-09-15,790903.773
2019-09-16,790903.773
2019-09-17,794498.8522
2019-09-18,794404.0062
2019-09-19,800744.6583
2019-09-20,805862.3037
2019-09-21,807646.6104
2019-09-22,807646.6104
2019-09-23,807646.6104
2019-09-24,805291.6135
2019-09-25,778532.8914
2019-09-26,782211.7454
2019-09-27,775309.9069
2019-09-28,771307.171
2019-09-29,771307.171
2019-09-30,771307.171
2019-10-01,765878.2709
2019-10-02,751846.5892
2019-10-03,756840.5332
2019-10-04,758519.8649
2019-10-05,768781.5368
2019-10-06,768781.5368
2019-10-07,768781.5368
2019-10-08,776215.0933
2019-10-09,765295.7738
2019-10-10,764874.5009
2019-10-11,757876.223
2019-10-12,768710.392
2019-10-13,768710.392
2019-10-14,768710.392
2019-10-15,764775.0465
2019-10-16,763337.8675
2019-10-17,764204.7592
2019-10-18,774927.6231
2019-10-19,762635.6964
2019-10-20,762635.6964
2019-10-21,762635.6964
2019-10-22,771925.5613
2019-10-23,766396.4878
2019-10-24,768281.9675
2019-10-25,769315.5875
2019-10-26,771800.3636
2019-10-27,771800.3636
2019-10-28,771800.3636
2019-10-29,758183.0914
2019-10-30,769883.2566
2019-10-31,772280.2958
2019-11-01,775058.0278
2019-11-02,760479.7656
2019-11-03,760479.7656
2019-11-04,760479.7656
2019-11-05,753934.713
2019-11-06,760627.7456
2019-11-07,750772.598
2019-11-08,756450.1355
2019-11-09,766743.3001
2019-11-10,766743.3001
2019-11-11,766743.3001
2019-11-12,769324.8967
2019-11-13,780180.2191
2019-11-14,789037.9305
2019-11-15,810375.7666
2019-11-16,808557.8296
2019-11-17,808557.8296
2019-11-18,808557.8296
2019-11-19,804829.4222
2019-11-20,805175.4088
2019-11-21,806411.0579
2019-11-22,815433.3044
2019-11-23,812425.7437
2019-11-24,812425.7437
2019-11-25,812425.7437
2019-11-26,832692.6527
2019-11-27,838630.1798
2019-11-28,834178.912
2019-11-29,834178.912
2019-11-30,828768.9685
2019-12-01,828768.9685
2019-12-02,828768.9685
2019-12-03,818000.5325
2019-12-04,824673.4985
2019-12-05,828425.51
2019-12-06,843301.383
2019-12-07,844709.036
2019-12-08,844709.036
2019-12-09,844709.036
2019-12-10,837042.2108
2019-12-11,827952.3042
2019-12-12,822261.8573
2019-12-13,820908.7582
2019-12-14,818606.4855
2019-12-15,818606.4855
2019-12-16,818606.4855
2019-12-17,823142.4288
2019-12-18,832154.7536
2019-12-19,833301.1642
2019-12-20,830910.8606
2019-12-21,834888.0318
2019-12-22,834888.0318
2019-12-23,834888.0318
2019-12-24,839048.2044
2019-12-25,846144.6375
2019-12-26,846144.6375
2019-12-27,839639.8023
2019-12-28,836133.9918
2019-12-29,836133.9918
2019-12-30,836133.9918
2019-12-31,832568.0548
2020-01-01,837662.3502
2020-01-02,837662.3502
2020-01-03,836400.1749
2020-01-04,835218.2709
2020-01-05,835218.2709
2020-01-06,835218.2709
2020-01-07,840091.94
2020-01-08,837721.8695
2020-01-09,849493.0794
2020-01-10,865639.7573
2020-01-11,866030.8774
2020-01-12,866030.8774
2020-01-13,866030.8774
2020-01-14,869020.7882
2020-01-15,881880.0162
2020-01-16,891842.8009
2020-01-17,902213.2543
2020-01-18,903249.9338
2020-01-19,903249.9338
2020-01-20,903249.9338
2020-01-21,903249.9338
2020-01-22,911439.2358
2020-01-23,905324.3487
2020-01-24,902850.6005
2020-01-25,902869.8272
2020-01-26,902869.8272
2020-01-27,902869.8272
2020-01-28,905194.5054
2020-01-29,937172.6442
2020-01-30,945990.6024
2020-01-31,936753.3071
2020-02-01,913903.6682
2020-02-02,913903.6682
2020-02-03,913903.6682
2020-02-04,902111.937
2020-02-05,906220.8937
2020-02-06,924776.9288
2020-02-07,933989.5822
2020-02-08,925733.6595
2020-02-09,925733.6595
2020-02-10,925733.6595
2020-02-11,941070.193
2020-02-12,947697.1014
2020-02-13,957618.1247
2020-02-14,964459.4612
2020-02-15,968185.8434
2020-02-16,968185.8434
2020-02-17,968185.8434
2020-02-18,968185.8434
2020-02-19,975161.3935
2020-02-20,967402.7031
2020-02-21,962922.6495
2020-02-22,955369.926
2020-02-23,955369.926
2020-02-24,955369.926
2020-02-25,932978.6337
2020-02-26,907481.0018
2020-02-27,884288.5966
2020-02-28,856714.9641
2020-02-29,864856.445
2020-03-01,864856.445
2020-03-02,864856.445
2020-03-03,896223.6189
2020-03-04,884373.3248
2020-03-05,908583.8772
2020-03-06,875802.4929
2020-03-07,845308.5021
2020-03-08,845308.5021
2020-03-09,845308.5021
2020-03-10,743637.2852
2020-03-11,775678.0338
2020-03-12,728673.6822
2020-03-13,632683.3033
2020-03-14,697872.0972
2020-03-15,697872.0972
2020-03-16,697872.0972
2020-03-17,595422.5455
2020-03-18,644825.404
2020-03-19,583642.5425
2020-03-20,605238.0757
2020-03-21,602640.7104
2020-03-22,602640.7104
2020-03-23,602640.7104
2020-03-24,598847.9149
2020-03-25,654801.6673
2020-03-26,674224.3813
2020-03-27,722292.8547
2020-03-28,689085.3904
2020-03-29,689085.3904
2020-03-30,689085.3904
2020-03-31,696470.9742
2020-04-01,685912.7392
2020-04-02,628029.8774
2020-04-03,636210.8992
2020-04-04,608737.7319
2020-04-05,608737.7319
2020-04-06,608737.7319
2020-04-07,658946.8873
2020-04-08,664593.7655
2020-04-09,687984.0672
2020-04-10,713433.7926
2020-04-11,713433.7926
2020-04-12,713433.7926
2020-04-13,713433.7926
2020-04-14,688542.3651
2020-04-15,716893.4736
2020-04-16,685334.3846
2020-04-17,684118.6988
2020-04-18,724319.8195
2020-04-19,724319.8195
2020-04-20,724319.8195
2020-04-21,732295.7146
2020-04-22,713847.9953
2020-04-23,741183.3062
2020-04-24,746597.5388
2020-04-25,763818.8398
2020-04-26,763818.8398
2020-04-27,763818.8398
2020-04-28,773514.4031
2020-04-29,769384.871
2020-04-30,801056.7584
2020-05-01,784896.9172
2020-05-02,743612.8492
2020-05-03,743612.8492
2020-05-04,743612.8492
2020-05-05,744548.658
2020-05-06,760039.2876
2020-05-07,745634.573
2020-05-08,771331.8748
2020-05-09,790156.3558
2020-05-10,790156.3558
2020-05-11,790156.3558
2020-05-12,823496.9377
2020-05-13,786894.4754
2020-05-14,772091.7573
2020-05-15,780327.1255
2020-05-16,813447.5642
2020-05-17,813447.5642
2020-05-18,813447.5642
2020-05-19,820485.7234
2020-05-20,808250.0416
2020-05-21,831390.5027
2020-05-22,825954.5441
2020-05-23,826655.271
2020-05-24,826655.271
2020-05-25,826655.271
2020-05-26,826655.271
2020-05-27,821406.6831
2020-05-28,814402.8726
2020-05-29,815351.2083
2020-05-30,833510.3423
2020-05-31,833510.3423
2020-06-01,833510.3423
2020-06-02,845240.632
2020-06-03,848711.075
2020-06-04,846129.1115
2020-06-05,835765.1554
2020-06-06,848418.8444
2020-06-07,848418.8444
2020-06-08,848418.8444
2020-06-09,847593.8374
2020-06-10,858136.8189
2020-06-11,851991.3841
2020-06-12,805537.1053
2020-06-13,820166.3978
2020-06-14,820166.3978
2020-06-15,820166.3978
2020-06-16,866549.6461
2020-06-17,877722.1534
2020-06-18,872417.8262
2020-06-19,884679.622
2020-06-20,876785.6962
2020-06-21,876785.6962
2020-06-22,876785.6962
2020-06-23,888443.3506
2020-06-24,881972.8394
2020-06-25,857855.6495
2020-06-26,865695.0727
2020-06-27,829888.1186
2020-06-28,829888.1186
2020-06-29,829888.1186
2020-06-30,840624.4765
2020-07-01,868661.095
2020-07-02,873177.9532
2020-07-03,876755.8524
2020-07-04,876755.8524
2020-07-05,876755.8524
2020-07-06,876755.8524
2020-07-07,879577.3016
2020-07-08,883440.7749
2020-07-09,898232.2603
2020-07-10,905329.4902
2020-07-11,893015.2652
2020-07-12,893015.2652
2020-07-13,893015.2652
2020-07-14,853157.4094
2020-07-15,875747.7275
2020-07-16,907049.2364
2020-07-17,900648.0533
2020-07-18,916172.1409
2020-07-19,916172.1409
2020-07-20,916172.1409
2020-07-21,919504.6991
2020-07-22,892979.6701
2020-07-23,894848.9848
2020-07-24,870828.4955
2020-07-25,859815.9679
2020-07-26,859815.9679
2020-07-27,859815.9679
2020-07-28,866201.2416
2020-07-29,852824.2242
2020-07-30,865303.7642
2020-07-31,875082.4907
2020-08-01,859723.4481
2020-08-02,859723.4481
2020-08-03,859723.4481
2020-08-04,898358.0822
2020-08-05,907108.7304
2020-08-06,919111.6994
2020-08-07,929021.0412
2020-08-08,945755.7339
2020-08-09,945755.7339
2020-08-10,945755.7339
2020-08-11,918027.79
2020-08-12,905765.6215
2020-08-13,932955.5046
2020-08-14,953829.2478
2020-08-15,953112.0837
2020-08-16,953112.0837
2020-08-17,953112.0837
2020-08-18,971722.3315
2020-08-19,978141.1047
2020-08-20,978789.8777
2020-08-21,992778.4152
2020-08-22,975957.4252
2020-08-23,975957.4252
2020-08-24,975957.4252
2020-08-25,957077.2595
2020-08-26,976381.6351
2020-08-27,961084.994
2020-08-28,943065.2602
2020-08-29,943865.2463
2020-08-30,943865.2463
2020-08-31,943865.2463
2020-09-01,961905.2327
2020-09-02,977326.8925
2020-09-03,993799.7133
2020-09-04,948855.0534
2020-09-05,930142.1198
2020-09-06,930142.1198
2020-09-07,930142.1198
2020-09-08,930142.1198
2020-09-09,918159.1022
2020-09-10,951995.9727
2020-09-11,950860.0718
2020-09-12,947251.3536
2020-09-13,947251.3536
2020-09-14,947251.3536
2020-09-15,967960.7553
2020-09-16,966075.3027
2020-09-17,963009.8795
2020-09-18,969777.3211
2020-09-19,983985.7153
2020-09-20,983985.7153
2020-09-21,983985.7153
2020-09-22,968736.5477
2020-09-23,983365.7888
2020-09-24,950189.5016
2020-09-25,930391.0503
2020-09-26,963734.2833
2020-09-27,963734.2833
2020-09-28,963734.2833
2020-09-29,992520.8499
2020-09-30,1000912.9565
2020-10-01,1016796.5618
2020-10-02,1028554.6878
2020-10-03,1017365.6309
2020-10-04,1017365.6309
2020-10-05,1017365.6309
2020-10-06,1048905.4506
2020-10-07,1052093.242
2020-10-08,1096526.0357
2020-10-09,1096534.9476
2020-10-10,1115052.2146
2020-10-11,1115052.2146
2020-10-12,1115052.2146
2020-10-13,1112925.2329
2020-10-14,1129061.2637
2020-10-15,1105624.9627
2020-10-16,1122846.0669
2020-10-17,1131401.0759
2020-10-18,1131401.0759
2020-10-19,1131401.0759
2020-10-20,1106171.7541
2020-10-21,1083083.5844
2020-10-22,1060290.0375
2020-10-23,1071235.5406
2020-10-24,1079659.8155
2020-10-25,1079659.8155
2020-10-26,1079659.8155
2020-10-27,1063926.6332
2020-10-28,1077100.1404
2020-10-29,1052655.766
2020-10-30,1076941.5434
2020-10-31,1080237.7437
2020-11-01,1080237.7437
2020-11-02,1080237.7437
2020-11-03,1079460.8858
2020-11-04,1104981.4199
2020-11-05,1163241.3519
2020-11-06,1209360.3273
2020-11-07,1186523.1598
2020-11-08,1186523.1598
2020-11-09,1186523.1598
2020-11-10,1120493.2379
2020-11-11,1127510.4929
2020-11-12,1150944.5426
2020-11-13,1148378.7352
2020-11-14,1157484.4714
2020-11-15,1157484.4714
2020-11-16,1157484.4714
2020-11-17,1160839.1941
2020-11-18,1168131.8634
2020-11-19,1168456.1046
2020-11-20,1198368.4974
2020-11-21,1191953.5989
2020-11-22,1191953.5989
2020-11-23,1191953.5989
2020-11-24,1206490.3399
2020-11-25,1184484.4611
2020-11-26,1189567.6469
2020-11-27,1189567.6469
2020-11-28,1218379.299
2020-11-29,1218379.299
2020-11-30,1218379.299
2020-12-01,1223790.2668
2020-12-02,1206397.1268
2020-12-03,1203881.5528
2020-12-04,1206926.6733
2020-12-05,1218608.4623
2020-12-06,1218608.4623
2020-12-07,1218608.4623
2020-12-08,1213958.8241
2020-12-09,1272516.81
2020-12-10,1230927.5064
2020-12-11,1302973.2002
2020-12-12,1318056.6344
2020-12-13,1318056.6344
2020-12-14,1318056.6344
2020-12-15,1353170.7974
2020-12-16,1404717.9918
2020-12-17,1424424.9334
2020-12-18,1452853.1722
2020-12-19,1457257.7673
2020-12-20,1457257.7673
2020-12-21,1457257.7673
2020-12-22,1484204.4911
2020-12-23,1502257.3197
2020-12-24,1480308.0167
2020-12-25,1468696.4995
2020-12-26,1468696.4995
2020-12-27,1468696.4995
2020-12-28,1468696.4995
2020-12-29,1421986.9111
2020-12-30,1401444.092
2020-12-31,1411045.5372
2021-01-01,1399422.1635
2021-01-02,1399422.1635
2021-01-03,1399422.1635
2021-01-04,1399422.1635
2021-01-05,1383591.9783
2021-01-06,1406418.4092
2021-01-07,1433547.2659
2021-01-08,1438000.5216
2021-01-09,1471041.2771
2021-01-10,1471041.2771
2021-01-11,1471041.2771
2021-01-12,1493732.3541
2021-01-13,1518325.3894
2021-01-14,1527462.4792
2021-01-15,1552784.1156
2021-01-16,1528853.857
2021-01-17,1528853.857
2021-01-18,1528853.857
2021-01-19,1528853.857
2021-01-20,1540925.6069
2021-01-21,1588391.5904
2021-01-22,1566895.1843
2021-01-23,1596837.9125
2021-01-24,1596837.9125
2021-01-25,1596837.9125
2021-01-26,1585005.1122
2021-01-27,1545319.1337
2021-01-28,1485255.8557
2021-01-29,1537368.8991
2021-01-30,1530086.6197
2021-01-31,1530086.6197
2021-02-01,1530086.6197
2021-02-02,1575196.3078
2021-02-03,1614221.3398
2021-02-04,1633983.4026
2021-02-05,1668993.7473
2021-02-06,1753960.5553
2021-02-07,1753960.5553
2021-02-08,1753960.5553
2021-02-09,1759365.0097
2021-02-10,1757072.1303
2021-02-11,1710682.738
2021-02-12,1697488.1602
2021-02-13,1684167.3626
2021-02-14,1684167.3626
2021-02-15,1684167.3626
2021-02-16,1684167.3626
2021-02-17,1640874.4928
2021-02-18,1637628.2428
2021-02-19,1672336.8235
2021-02-20,1669503.1802
2021-02-21,1669503.1802
2021-02-22,1669503.1802
2021-02-23,1561030.1187
2021-02-24,1538897.9155
2021-02-25,1554302.2739
2021-02-26,1481450.3769
2021-02-27,1480385.6169
2021-02-28,1480385.6169
2021-03-01,1480385.6169
2021-03-02,1553529.639
2021-03-03,1530937.9905
2021-03-04,1485343.8155
2021-03-05,1390214.0929
2021-03-06,1401757.4103
2021-03-07,1401757.4103
2021-03-08,1401757.4103
2021-03-09,1379329.9649
2021-03-10,1475787.6114
2021-03-11,1496922.9205
2021-03-12,1590642.0395
2021-03-13,1576312.7754
2021-03-14,1576312.7754
2021-03-15,1576312.7754
2021-03-16,1565506.2371
2021-03-17,1493362.4786
2021-03-18,1516369.2692
2021-03-19,1431520.9394
2021-03-20,1473484.7934
2021-03-21,1473484.7934
2021-03-22,1473484.7934
2021-03-23,1453474.645
2021-03-24,1393135.4372
2021-03-25,1305652.2184
2021-03-26,1339926.634
2021-03-27,1340350.7067
2021-03-28,1340350.7067
2021-03-29,1340350.7067
2021-03-30,1268789.3424
2021-03-31,1300722.7376
2021-04-01,1339117.5946
2021-04-02,1363976.2892
2021-04-03,1363976.2892
2021-04-04,1363976.2892
2021-04-05,1363976.2892
2021-04-06,1346502.3843
2021-04-07,1354332.5238
2021-04-08,1322669.3739
2021-04-09,1336663.0375
2021-04-10,1330700.9133
2021-04-11,1330700.9133
2021-04-12,1330700.9133
2021-04-13,1296537.2439
2021-04-14,1301362.023
2021-04-15,1314146.5652
2021-04-16,1305944.5982
2021-04-17,1280386.5289
2021-04-18,1280386.5289
2021-04-19,1280386.5289
2021-04-20,1246304.5227
2021-04-21,1192666.2918
2021-04-22,1233773.7776
2021-04-23,1225004.8342
2021-04-24,1266523.9568
2021-04-25,1266523.9568
2021-04-26,1266523.9568
2021-04-27,1300292.8772
2021-04-28,1312572.7805
2021-04-29,1348895.1375
2021-04-30,1316071.2648
2021-05-01,1263376.0564
2021-05-02,1263376.0564
2021-05-03,1263376.0564
2021-05-04,1282516.7848
2021-05-05,1251069.9885
2021-05-06,1259372.4692
2021-05-07,1208308.1887
2021-05-08,1243338.2688
2021-05-09,1243338.2688
2021-05-10,1243338.2688
2021-05-11,1182402.0205
2021-05-12,1182164.0926
2021-05-13,1122205.2991
2021-05-14,1114833.8411
2021-05-15,1179401.9839
2021-05-16,1179401.9839
2021-05-17,1179401.9839
2021-05-18,1186249.854
2021-05-19,1191581.0537
2021-05-20,1166317.9114
2021-05-21,1170284.6392
2021-05-22,1167866.5846
2021-05-23,1167866.5846
2021-05-24,1167866.5846
2021-05-25,1188569.8583
2021-05-26,1169904.3259
2021-05-27,1219226.3469
2021-05-28,1239510.0552
2021-05-29,1231252.5281
2021-05-30,1231252.5281
2021-05-31,1231252.5281
2021-06-01,1231252.5281
2021-06-02,1267561.1077
2021-06-03,1281361.1916
2021-06-04,1254990.0812
2021-06-05,1266440.2311
2021-06-06,1266440.2311
2021-06-07,1266440.2311
2021-06-08,1281337.9693
2021-06-09,1288644.1122
2021-06-10,1290923.4374
2021-06-11,1272258.8919
2021-06-12,1289999.9094
2021-06-13,1289999.9094
2021-06-14,1289999.9094
2021-06-15,1285316.3488
2021-06-16,1284823.2171
2021-06-17,1285614.8515
2021-06-18,1256146.5655
2021-06-19,1213447.9558
2021-06-20,1213447.9558
2021-06-21,1213447.9558
2021-06-22,1257851.3679
2021-06-23,1257347.0489
2021-06-24,1275014.3159
2021-06-25,1312849.0884
2021-06-26,1316652.6333
2021-06-27,1316652.6333
2021-06-28,1316652.6333
2021-06-29,1303328.428
2021-06-30,1298015.5808
2021-07-01,1300554.2539
2021-07-02,1300804.6372
2021-07-03,1300517.5588
2021-07-04,1300517.5588
2021-07-05,1300517.5588
2021-07-06,1300517.5588
2021-07-07,1268468.4872
2021-07-08,1283192.0675
2021-07-09,1264885.3287
2021-07-10,1335706.9452
2021-07-11,1335706.9452
2021-07-12,1335706.9452
2021-07-13,1323039.75
2021-07-14,1288984.5898
2021-07-15,1276065.1409
2021-07-16,1250227.6869
2021-07-17,1180993.0474
2021-07-18,1180993.0474
2021-07-19,1180993.0474
2021-07-20,1149508.535
2021-07-21,1190119.4469
2021-07-22,1256984.7176
2021-07-23,1228339.1851
2021-07-24,1215104.799
2021-07-25,1215104.799
2021-07-26,1215104.799
2021-07-27,1264275.0586
2021-07-28,1197475.4895
2021-07-29,1227643.0502
2021-07-30,1247412.6426
2021-07-31,1241825.5682
2021-08-01,1241825.5682
2021-08-02,1241825.5682
2021-08-03,1243831.0874
2021-08-04,1239241.1977
2021-08-05,1207758.0279
2021-08-06,1269751.8081
2021-08-07,1305865.9121
2021-08-08,1305865.9121
2021-08-09,1305865.9121
2021-08-10,1296612.0294
2021-08-11,1326456.5572
2021-08-12,1344361.0094
2021-08-13,1333107.1257
2021-08-14,1309699.6259
2021-08-15,1309699.6259
2021-08-16,1309699.6259
2021-08-17,1291791.5963
2021-08-18,1256286.3135
2021-08-19,1239350.4553
2021-08-20,1226912.5221
2021-08-21,1253470.4481
2021-08-22,1253470.4481
2021-08-23,1253470.4481
2021-08-24,1297108.9205
2021-08-25,1309943.9462
2021-08-26,1327222.3319
2021-08-27,1312662.8756
2021-08-28,1378174.6692
2021-08-29,1378174.6692
2021-08-30,1378174.6692
2021-08-31,1370132.0193
2021-09-01,1372767.6518
2021-09-02,1385278.5258
2021-09-03,1408331.6743
2021-09-04,1397109.121
2021-09-05,1397109.121
2021-09-06,1397109.121
2021-09-07,1397109.121
2021-09-08,1399412.1423
2021-09-09,1379567.6164
2021-09-10,1396507.0084
2021-09-11,1375705.146
2021-09-12,1375705.146
2021-09-13,1375705.146
2021-09-14,1383116.8819
2021-09-15,1363809.4138
2021-09-16,1384436.0604
2021-09-17,1364408.5875
2021-09-18,1355278.9336
2021-09-19,1355278.9336
2021-09-20,1355278.9336
2021-09-21,1322871.4584
2021-09-22,1312541.3389
2021-09-23,1344290.4294
2021-09-24,1365738.4474
2021-09-25,1357910.5619
2021-09-26,1357910.5619
2021-09-27,1357910.5619
2021-09-28,1401605.3246
2021-09-29,1366036.304
2021-09-30,1360642.9145
2021-10-01,1347626.3978
2021-10-02,1393781.6483
2021-10-03,1393781.6483
2021-10-04,1393781.6483
2021-10-05,1385380.3699
2021-10-06,1393987.6438
2021-10-07,1378456.3977
2021-10-08,1397923.001
2021-10-09,1363988.926
2021-10-10,1363988.926
2021-10-11,1363988.926
2021-10-12,1357344.7167
2021-10-13,1356049.855
2021-10-14,1357579.4736
2021-10-15,1362868.7506
2021-10-16,1351518.9477
2021-10-17,1351518.9477
2021-10-18,1351518.9477
2021-10-19,1401597.358
2021-10-20,1368121.7975
2021-10-21,1367950.8581
2021-10-22,1373179.6385
2021-10-23,1378041.9717
2021-10-24,1378041.9717
2021-10-25,1378041.9717
2021-10-26,1399589.4835
2021-10-27,1400477.3024
2021-10-28,1337952.0944
2021-10-29,1346283.084
2021-10-30,1369364.9981
2021-10-31,1369364.9981
2021-11-01,1369364.9981
2021-11-02,1409200.8978
2021-11-03,1383437.6322
2021-11-04,1434938.7223
2021-11-05,1450080.7383
2021-11-06,1494344.2663
2021-11-07,1494344.2663
2021-11-08,1494344.2663
2021-11-09,1522115.2703
2021-11-10,1522171.7214
2021-11-11,1454311.7826
2021-11-12,1452857.9388
2021-11-13,1452454.5475
2021-11-14,1452454.5475
2021-11-15,1452454.5475
2021-11-16,1442940.742
2021-11-17,1435707.4601
2021-11-18,1399571.9751
2021-11-19,1400962.0408
2021-11-20,1341362.7583
2021-11-21,1341362.7583
2021-11-22,1341362.7583
2021-11-23,1345443.7246
2021-11-24,1373292.3266
2021-11-25,1379204.5152
2021-11-26,1379204.5152
2021-11-27,1303224.7879
2021-11-28,1303224.7879
2021-11-29,1303224.7879
2021-11-30,1320458.5698
2021-12-01,1283104.8924
2021-12-02,1247620.2633
2021-12-03,1272418.6359
2021-12-04,1230158.3336
2021-12-05,1230158.3336
2021-12-06,1230158.3336
2021-12-07,1244422.3085
2021-12-08,1306708.8446
2021-12-09,1320976.9637
2021-12-10,1281934.9647
2021-12-11,1279232.0917
2021-12-12,1279232.0917
2021-12-13,1279232.0917
2021-12-14,1211918.8599
2021-12-15,1189344.16
2021-12-16,1221900.4433
2021-12-17,1182612.161
2021-12-18,1195019.2935
2021-12-19,1195019.2935
2021-12-20,1195019.2935
2021-12-21,1177092.5678
2021-12-22,1221204.7126
2021-12-23,1235506.9409
2021-12-24,1238857.763
2021-12-25,1238857.763
2021-12-26,1238857.763
2021-12-27,1238857.763
2021-12-28,1269528.1528
2021-12-29,1246771.6983
2021-12-30,1237908.73
2021-12-31,1230406.6687
2022-01-01,1224234.8749
2022-01-02,1224234.8749
2022-01-03,1224234.8749
2022-01-04,1267667.7563
2022-01-05,1258334.7231
2022-01-06,1199438.71
2022-01-07,1217768.8584
2022-01-08,1171169.2823
2022-01-09,1171169.2823
2022-01-10,1171169.2823
2022-01-11,1164329.7743
2022-01-12,1200369.6679
2022-01-13,1207115.6947
2022-01-14,1177031.1735
2022-01-15,1202070.5965
2022-01-16,1202070.5965
2022-01-17,1202070.5965
2022-01-18,1202070.5965
2022-01-19,1150265.6066
2022-01-20,1122117.8647
2022-01-21,1082699.1586
2022-01-22,1047034.471
2022-01-23,1047034.471
2022-01-24,1047034.471
2022-01-25,1075667.2105
2022-01-26,1062835.3635
2022-01-27,1068709.2691
2022-01-28,1031385.2688
2022-01-29,1054112.2353
2022-01-30,1054112.2353
2022-01-31,1054112.2353
2022-02-01,1082315.8537
2022-02-02,1118723.5585
2022-02-03,1114233.9134
2022-02-04,1094959.8096
2022-02-05,1115329.5384
2022-02-06,1115329.5384
2022-02-07,1115329.5384
2022-02-08,1103330.6139
2022-02-09,1131382.4782
2022-02-10,1172227.8345
2022-02-11,1163547.3516
2022-02-12,1174763.3019
2022-02-13,1174763.3019
2022-02-14,1174763.3019
2022-02-15,1179531.7234
2022-02-16,1206558.4101
2022-02-17,1197971.8045
2022-02-18,1184007.3557
2022-02-19,1159145.967
2022-02-20,1159145.967
2022-02-21,1159145.967
2022-02-22,1159145.967
2022-02-23,1140628.0991
2022-02-24,1149253.7662
2022-02-25,1136409.7539
2022-02-26,1150110.9948
2022-02-27,1150110.9948
2022-02-28,1150110.9948
2022-03-01,1166818.5953
2022-03-02,1168888.6925
2022-03-03,1231310.5054
2022-03-04,1241674.436
2022-03-05,1255735.8643
2022-03-06,1255735.8643
2022-03-07,1255735.8643
2022-03-08,1207582.1493
2022-03-09,1215780.0256
2022-03-10,1213263.0181
2022-03-11,1241094.2444
2022-03-12,1223140.9698
2022-03-13,1223140.9698
2022-03-14,1223140.9698
2022-03-15,1186189.1177
2022-03-16,1205834.4717
2022-03-17,1214773.4442
2022-03-18,1252282.1059
2022-03-19,1257406.7231
2022-03-20,1257406.7231
2022-03-21,1257406.7231
2022-03-22,1271846.971
2022-03-23,1274975.6615
2022-03-24,1277331.9655
2022-03-25,1284911.1519
2022-03-26,1308368.0073
2022-03-27,1308368.0073
2022-03-28,1308368.0073
2022-03-29,1282988.8514
2022-03-30,1299984.0746
2022-03-31,1292156.6772
2022-04-01,1280593.3443
2022-04-02,1313426.1596
2022-04-03,1313426.1596
2022-04-04,1313426.1596
2022-04-05,1298711.7701
2022-04-06,1264634.3671
2022-04-07,1241617.5025
2022-04-08,1258142.8872
2022-04-09,1245439.6604
2022-04-10,1245439.6604
2022-04-11,1245439.6604
2022-04-12,1224932.9962
2022-04-13,1267765.6419
2022-04-14,1305826.8264
2022-04-15,1309391.873
2022-04-16,1309391.873
2022-04-17,1309391.873
2022-04-18,1309391.873
2022-04-19,1299170.4114
2022-04-20,1299021.4564
2022-04-21,1298797.2605
2022-04-22,1238302.9363
2022-04-23,1193676.2689
2022-04-24,1193676.2689
2022-04-25,1193676.2689
2022-04-26,1184738.6035
2022-04-27,1162287.09
2022-04-28,1169388.186
2022-04-29,1183227.7042
2022-04-30,1135266.2332
2022-05-01,1135266.2332
2022-05-02,1135266.2332
2022-05-03,1128030.3039
2022-05-04,1154200.3089
2022-05-05,1207195.3779
2022-05-06,1152822.2478
2022-05-07,1129076.4852
2022-05-08,1129076.4852
2022-05-09,1129076.4852
2022-05-10,1056023.6677
2022-05-11,1045877.5439
2022-05-12,1029391.7077
2022-05-13,1026879.6387
2022-05-14,1085358.4035
2022-05-15,1085358.4035
2022-05-16,1085358.4035
2022-05-17,1089467.9732
2022-05-18,1122789.0184
2022-05-19,1082959.5047
2022-05-20,1087933.8977
2022-05-21,1079722.7803
2022-05-22,1079722.7803
2022-05-23,1079722.7803
2022-05-24,1107345.2222
2022-05-25,1099082.2599
2022-05-26,1130354.3011
2022-05-27,1175792.3489
2022-05-28,1213959.6403
2022-05-29,1213959.6403
2022-05-30,1213959.6403
2022-05-31,1213959.6403
2022-06-01,1181240.1664
2022-06-02,1201845.9145
2022-06-03,1220803.6104
2022-06-04,1203795.1847
2022-06-05,1203795.1847
2022-06-06,1203795.1847
2022-06-07,1219693.2407
2022-06-08,1248161.486
2022-06-09,1218362.2918
2022-06-10,1182400.4824
2022-06-11,1147346.1364
2022-06-12,1147346.1364
2022-06-13,1147346.1364
2022-06-14,1080578.7536
2022-06-15,1071835.7662
2022-06-16,1087463.7944
2022-06-17,1028465.7076
2022-06-18,1007681.0212
2022-06-19,1007681.0212
2022-06-20,1007681.0212
2022-06-21,1007681.0212
2022-06-22,1028920.1582
2022-06-23,994350.9291
2022-06-24,979138.508
2022-06-25,1005624.7204
2022-06-26,1005624.7204
2022-06-27,1005624.7204
2022-06-28,1036607.257
2022-06-29,1031714.0568
2022-06-30,1005710.9416
2022-07-01,983496.3296
2022-07-02,980078.5666
2022-07-03,980078.5666
2022-07-04,980078.5666
2022-07-05,980078.5666
2022-07-06,947757.6189
2022-07-07,934792.4413
2022-07-08,977873.6653
2022-07-09,984575.5256
2022-07-10,984575.5256
2022-07-11,984575.5256
2022-07-12,976774.103
2022-07-13,954853.1276
2022-07-14,963859.8221
2022-07-15,958046.57
2022-07-16,975257.9486
2022-07-17,975257.9486
2022-07-18,975257.9486
2022-07-19,986611.2182
2022-07-20,1025268.6054
2022-07-21,1042888.2379
2022-07-22,1028846.0476
2022-07-23,1018483.2776
2022-07-24,1018483.2776
2022-07-25,1018483.2776
2022-07-26,1045421.8201
2022-07-27,1041441.1564
2022-07-28,1083728.8319
2022-07-29,1092226.6243
2022-07-30,1111212.6919
2022-07-31,1111212.6919
2022-08-01,1111212.6919
2022-08-02,1089266.1945
2022-08-03,1078759.5858
2022-08-04,1085906.9336
2022-08-05,1077150.5171
2022-08-06,1078101.769
2022-08-07,1078101.769
2022-08-08,1078101.769
2022-08-09,1068839.0512
2022-08-10,1058242.5487
2022-08-11,1084877.5624
2022-08-12,1118402.7254
2022-08-13,1143469.0713
2022-08-14,1143469.0713
2022-08-15,1143469.0713
2022-08-16,1141832.5787
2022-08-17,1143108.8481
2022-08-18,1138624.0769
2022-08-19,1177617.4808
2022-08-20,1158659.9922
2022-08-21,1158659.9922
2022-08-22,1158659.9922
2022-08-23,1154645.4
2022-08-24,1154496.0595
2022-08-25,1167023.7465
2022-08-26,1190739.4914
2022-08-27,1156439.8609
2022-08-28,1156439.8609
2022-08-29,1156439.8609
2022-08-30,1160295.6343
2022-08-31,1130342.2013
2022-09-01,1126141.2191
2022-09-02,1102839.3074
2022-09-03,1105233.8962
2022-09-04,1105233.8962
2022-09-05,1105233.8962
2022-09-06,1105233.8962
2022-09-07,1086974.5451
2022-09-08,1116279.2855
2022-09-09,1128172.1356
2022-09-10,1144174.6743
2022-09-11,1144174.6743
2022-09-12,1144174.6743
2022-09-13,1152448.8514
2022-09-14,1116426.3176
2022-09-15,1129133.4127
2022-09-16,1120329.4223
2022-09-17,1102144.3876
2022-09-18,1102144.3876
2022-09-19,1102144.3876
2022-09-20,1111026.5333
2022-09-21,1091137.9375
2022-09-22,1072196.3695
2022-09-23,1039530.0681
2022-09-24,996751.1559
2022-09-25,996751.1559
2022-09-26,996751.1559
2022-09-27,973109.0437
2022-09-28,982543.158
2022-09-29,1023771.7671
2022-09-30,1005819.5223
2022-10-01,999273.3279
2022-10-02,999273.3279
2022-10-03,999273.3279
2022-10-04,1033519.534
2022-10-05,1066137.0198
2022-10-06,1064188.2053
2022-10-07,1066535.4518
2022-10-08,1038823.7899
2022-10-09,1038823.7899
2022-10-10,1038823.7899
2022-10-11,1030363.3362
2022-10-12,1028718.77
2022-10-13,1023743.2707
2022-10-14,1046013.6662
2022-10-15,1008024.2916
2022-10-16,1008024.2916
2022-10-17,1008024.2916
2022-10-18,1030574.7198
2022-10-19,1045228.356
2022-10-20,1030300.6765
2022-10-21,1010384.798
2022-10-22,1032889.9645
2022-10-23,1032889.9645
2022-10-24,1032889.9645
2022-10-25,1037941.1255
2022-10-26,1061904.354
2022-10-27,1062639.9326
2022-10-28,1071669.3562
2022-10-29,1083667.4761
2022-10-30,1083667.4761
2022-10-31,1083667.4761
2022-11-01,1078836.353
2022-11-02,1074529.869
2022-11-03,1045942.5918
2022-11-04,1050544.204
2022-11-05,1096653.7677
2022-11-06,1096653.7677
2022-11-07,1096653.7677
2022-11-08,1138518.5879
2022-11-09,1132129.1066
2022-11-10,1080821.0172
2022-11-11,1125703.9097
2022-11-12,1125522.5596
2022-11-13,1125522.5596
2022-11-14,1125522.5596
2022-11-15,1125700.8639
2022-11-16,1147777.8201
2022-11-17,1127283.8927
2022-11-18,1115052.7428
2022-11-19,1131617.677
2022-11-20,1131617.677
2022-11-21,1131617.677
2022-11-22,1125076.086
2022-11-23,1141379.4035
2022-11-24,1147445.7275
2022-11-25,1147445.7275
2022-11-26,1153623.2308
2022-11-27,1153623.2308
2022-11-28,1153623.2308
2022-11-29,1127536.5588
2022-11-30,1140479.0285
2022-12-01,1167358.6772
2022-12-02,1156083.8517
2022-12-03,1165579.9533
2022-12-04,1165579.9533
2022-12-05,1165579.9533
2022-12-06,1118234.219
2022-12-07,1103491.8185
2022-12-08,1092747.9493
2022-12-09,1089644.9763
2022-12-10,1070718.1927
2022-12-11,1070718.1927
2022-12-12,1070718.1927
2022-12-13,1091926.9174
2022-12-14,1107938.8025
2022-12-15,1101141.7392
2022-12-16,1106831.669
2022-12-17,1108797.8523
2022-12-18,1108797.8523
2022-12-19,1108797.8523
2022-12-20,1091247.7686
2022-12-21,1106732.2277
2022-12-22,1117941.7642
2022-12-23,1105314.2516
2022-12-24,1125827.6772
2022-12-25,1125827.6772
2022-12-26,1125827.6772
2022-12-27,1125827.6772
2022-12-28,1126081.5145
2022-12-29,1088687.7963
2022-12-30,1112882.8815
2022-12-31,1111825.5596
2023-01-01,1111825.5596
2023-01-02,1111825.5596
2023-01-03,1111825.5596
2023-01-04,1091954.9115
2023-01-05,1109861.939
2023-01-06,1114132.989
2023-01-07,1161840.3363
2023-01-08,1161840.3363
2023-01-09,1161840.3363
2023-01-10,1170192.7333
2023-01-11,1188551.5803
2023-01-12,1186267.12
2023-01-13,1207697.4325
2023-01-14,1226312.9226
2023-01-15,1226312.9226
2023-01-16,1226312.9226
2023-01-17,1226312.9226
2023-01-18,1224445.9698
2023-01-19,1197887.2501
2023-01-20,1185095.3297
2023-01-21,1197455.9038
2023-01-22,1197455.9038
2023-01-23,1197455.9038
2023-01-24,1211611.4442
2023-01-25,1213522.2215
2023-01-26,1213599.3832
2023-01-27,1219754.4683
2023-01-28,1219306.4505
2023-01-29,1219306.4505
2023-01-30,1219306.4505
2023-01-31,1197004.6518
2023-02-01,1208036.5889
2023-02-02,1223138.2021
2023-02-03,1241660.253
2023-02-04,1248997.0772
2023-02-05,1248997.0772
2023-02-06,1248997.0772
2023-02-07,1235164.2054
2023-02-08,1246499.0877
2023-02-09,1211763.3487
2023-02-10,1191795.42
2023-02-11,1196506.2037
2023-02-12,1196506.2037
2023-02-13,1196506.2037
2023-02-14,1220005.2339
2023-02-15,1226910.8002
2023-02-16,1234204.1556
2023-02-17,1232809.0281
2023-02-18,1240670.0609
2023-02-19,1240670.0609
2023-02-20,1240670.0609
2023-02-21,1240670.0609
2023-02-22,1206098.3186
2023-02-23,1193423.2869
2023-02-24,1216619.8727
2023-02-25,1213754.0151
2023-02-26,1213754.0151
2023-02-27,1213754.0151
2023-02-28,1214499.609
2023-03-01,1218782.4618
2023-03-02,1224973.4942
2023-03-03,1234842.702
2023-03-04,1261974.6851
2023-03-05,1261974.6851
2023-03-06,1261974.6851
2023-03-07,1229759.5475
2023-03-08,1239351.3501
2023-03-09,1241513.1705
2023-03-10,1208622.3702
2023-03-11,1154544.6034
2023-03-12,1154544.6034
2023-03-13,1154544.6034
2023-03-14,1142449.5751
2023-03-15,1168120.4699
2023-03-16,1148425.7781
2023-03-17,1170801.1635
2023-03-18,1145785.2568
2023-03-19,1145785.2568
2023-03-20,1145785.2568
2023-03-21,1164001.749
2023-03-22,1196545.6483
2023-03-23,1177362.2612
2023-03-24,1184583.5405
2023-03-25,1196502.9271
2023-03-26,1196502.9271
2023-03-27,1196502.9271
2023-03-28,1215478.6295
2023-03-29,1209767.3438
2023-03-30,1201898.5507
2023-03-31,1206734.778
2023-04-01,1227577.179
2023-04-02,1227577.179
2023-04-03,1227577.179
2023-04-04,1232923.0636
2023-04-05,1215267.4519
2023-04-06,1178821.282
2023-04-07,1175608.8763
2023-04-08,1175608.8763
2023-04-09,1175608.8763
2023-04-10,1175608.8763
2023-04-11,1217256.5464
2023-04-12,1236649.7796
2023-04-13,1209600.8068
2023-04-14,1222499.4534
2023-04-15,1214412.8555
2023-04-16,1214412.8555
2023-04-17,1214412.8555
2023-04-18,1229075.9927
2023-04-19,1236869.0937
2023-04-20,1236423.283
2023-04-21,1245931.8298
2023-04-22,1266596.1109
2023-04-23,1266596.1109
2023-04-24,1266596.1109
2023-04-25,1269521.1917
2023-04-26,1229586.5727
2023-04-27,1208596.5981
2023-04-28,1227529.5747
2023-04-29,1247041.2756
2023-04-30,1247041.2756
2023-05-01,1247041.2756
2023-05-02,1295262.29
2023-05-03,1269082.7249
2023-05-04,1283410.409
2023-05-05,1285926.8666
2023-05-06,1303149.2713
2023-05-07,1303149.2713
2023-05-08,1303149.2713
2023-05-09,1315554.3084
2023-05-10,1336491.5384
2023-05-11,1343486.2714
2023-05-12,1334738.1442
2023-05-13,1314203.5161
2023-05-14,1314203.5161
2023-05-15,1314203.5161
2023-05-16,1324810.7691
2023-05-17,1312693.0346
2023-05-18,1308341.8814
2023-05-19,1308019.1114
2023-05-20,1308806.2419
2023-05-21,1308806.2419
2023-05-22,1308806.2419
2023-05-23,1324045.1462
2023-05-24,1306493.1977
2023-05-25,1292988.1619
2023-05-26,1281340.5322
2023-05-27,1297211.5347
2023-05-28,1297211.5347
2023-05-29,1297211.5347
2023-05-30,1297211.5347
2023-05-31,1290976.4814
2023-06-01,1295302.8731
2023-06-02,1310676.2897
2023-06-03,1330213.906
2023-06-04,1330213.906
2023-06-05,1330213.906
2023-06-06,1311470.9522
2023-06-07,1342318.3092
2023-06-08,1348481.1018
2023-06-09,1363391.4743
2023-06-10,1346631.7744
2023-06-11,1346631.7744
2023-06-12,1346631.7744
2023-06-13,1361609.1008
2023-06-14,1376679.5274
2023-06-15,1356949.7771
2023-06-16,1338094.937
2023-06-17,1331787.6199
2023-06-18,1331787.6199
2023-06-19,1331787.6199
2023-06-20,1331787.6199
2023-06-21,1324367.6271
2023-06-22,1320187.8782
2023-06-23,1299340.5633
2023-06-24,1281176.3781
2023-06-25,1281176.3781
2023-06-26,1281176.3781
2023-06-27,1261964.8066
2023-06-28,1263503.7645
2023-06-29,1276877.726
2023-06-30,1292715.0246
2023-07-01,1297006.2171
2023-07-02,1297006.2171
2023-07-03,1297006.2171
2023-07-04,1284697.5227
2023-07-05,1284697.5227
2023-07-06,1271428.757
2023-07-07,1260628.1366
2023-07-08,1267024.7359
2023-07-09,1267024.7359
2023-07-10,1267024.7359
2023-07-11,1296454.9587
2023-07-12,1301420.7377
2023-07-13,1304399.4043
2023-07-14,1296403.8257
2023-07-15,1337499.8503
2023-07-16,1337499.8503
2023-07-17,1337499.8503
2023-07-18,1351213.2634
2023-07-19,1357036.8549
2023-07-20,1344482.3647
2023-07-21,1349191.1854
2023-07-22,1351336.6992
2023-07-23,1351336.6992
2023-07-24,1351336.6992
2023-07-25,1343071.2583
2023-07-26,1322755.6589
2023-07-27,1326753.079
2023-07-28,1322065.4009
2023-07-29,1329168.5275
2023-07-30,1329168.5275
2023-07-31,1329168.5275
2023-08-01,1343058.2205
2023-08-02,1263625.225
2023-08-03,1242977.5322
2023-08-04,1204971.3764
2023-08-05,1207227.218
2023-08-06,1207227.218
2023-08-07,1207227.218
2023-08-08,1182414.8961
2023-08-09,1157885.9604
2023-08-10,1164176.3513
2023-08-11,1169220.8082
2023-08-12,1173542.1066
2023-08-13,1173542.1066
2023-08-14,1173542.1066
2023-08-15,1177275.7057
2023-08-16,1185572.4358
2023-08-17,1168145.322
2023-08-18,1147409.1127
2023-08-19,1156259.2203
2023-08-20,1156259.2203
2023-08-21,1156259.2203
2023-08-22,1168838.1136
2023-08-23,1163943.5615
2023-08-24,1168205.2228
2023-08-25,1147374.3489
2023-08-26,1157102.8524
2023-08-27,1157102.8524
2023-08-28,1157102.8524
2023-08-29,1167621.2996
2023-08-30,1175337.5033
2023-08-31,1187855.1079
2023-09-01,1186403.4304
2023-09-02,1198804.5785
2023-09-03,1198804.5785
2023-09-04,1198804.5785
2023-09-05,1198804.5785
2023-09-06,1166415.2591
2023-09-07,1168601.8244
2023-09-08,1155557.1454
2023-09-09,1130968.1716
2023-09-10,1130968.1716
2023-09-11,1130968.1716
2023-09-12,1136788.2232
2023-09-13,1129620.6644
2023-09-14,1116225.6697
2023-09-15,1126893.6731
2023-09-16,1110390.4999
2023-09-17,1110390.4999
2023-09-18,1110390.4999
2023-09-19,1101752.6358
2023-09-20,1098661.013
2023-09-21,1079224.8667
2023-09-22,1062339.1999
2023-09-23,1053305.4571
2023-09-24,1053305.4571
2023-09-25,1053305.4571
2023-09-26,1045795.5968
2023-09-27,1040216.526
2023-09-28,1063244.713
2023-09-29,1054026.1113
2023-09-30,1026184.5997
2023-10-01,1026184.5997
2023-10-02,1026184.5997
2023-10-03,1024980.1494
2023-10-04,1004464.3884
2023-10-05,1007072.0584
2023-10-06,1003233.2165
2023-10-07,1000172.7795
2023-10-08,1000172.7795
2023-10-09,1000172.7795
2023-10-10,997945.7656
2023-10-11,1016632.8383
2023-10-12,1018063.7222
2023-10-13,990356.7637
2023-10-14,982409.7127
2023-10-15,982409.7127
2023-10-16,982409.7127
2023-10-17,999006.642
2023-10-18,1007250.1437
2023-10-19,984156.1218
2023-10-20,979042.7701
2023-10-21,967389.7247
2023-10-22,967389.7247
2023-10-23,967389.7247
2023-10-24,959763.3837
2023-10-25,970111.5475
2023-10-26,935529.673
2023-10-27,930873.4892
2023-10-28,912473.656
2023-10-29,912473.656
2023-10-30,912473.656
2023-10-31,928697.3907
2023-11-01,924303.5226
2023-11-02,960701.8487
2023-11-03,997291.6024
2023-11-04,1008051.7399
2023-11-05,1008051.7399
2023-11-06,1008051.7399
2023-11-07,990381.2608
2023-11-08,1000876.0192
2023-11-09,1003331.9201
2023-11-10,980644.9731
2023-11-11,997413.0378
2023-11-12,997413.0378
2023-11-13,997413.0378
2023-11-14,1001694.6371
2023-11-15,1044830.1009
2023-11-16,1048339.1746
2023-11-17,1041493.4038
2023-11-18,1064540.5037
2023-11-19,1064540.5037
2023-11-20,1064540.5037
2023-11-21,1069212.691
2023-11-22,1054081.4804
2023-11-23,1069707.7272
2023-11-24,1069707.7272
2023-11-25,1075014.0233
2023-11-26,1075014.0233
2023-11-27,1075014.0233
2023-11-28,1080109.0208
2023-11-29,1067527.5862
2023-11-30,1070895.5176
2023-12-01,1075056.4818
2023-12-02,1101300.6351
2023-12-03,1101300.6351
2023-12-04,1101300.6351
2023-12-05,1129992.0242
2023-12-06,1127746.3741
2023-12-07,1115809.4903
2023-12-08,1117821.0213
2023-12-09,1139383.1667
2023-12-10,1139383.1667
2023-12-11,1139383.1667
2023-12-12,1114721.8105
2023-12-13,1116481.2045
2023-12-14,1192054.3244
2023-12-15,1201675.9693
2023-12-16,1205539.7283
2023-12-17,1205539.7283
2023-12-18,1205539.7283
2023-12-19,1224808.6395
2023-12-20,1237314.8193
2023-12-21,1217123.2128
2023-12-22,1254156.785
2023-12-23,1272695.8298
2023-12-24,1272695.8298
2023-12-25,1272695.8298
2023-12-26,1272695.8298
2023-12-27,1276890.4914
2023-12-28,1307868.7271
2023-12-29,1297967.648
2023-12-30,1249622.7092
2023-12-31,1249622.7092
2024-01-01,1249622.7092
2024-01-02,1249622.7092
2024-01-03,1244603.0681
2024-01-04,1208313.3833
2024-01-05,1205998.5744
2024-01-06,1184856.1799
2024-01-07,1184856.1799
2024-01-08,1184856.1799
2024-01-09,1201631.1557
2024-01-10,1191257.4719
2024-01-11,1214125.2603
2024-01-12,1196318.5727
2024-01-13,1182595.0108
2024-01-14,1182595.0108
2024-01-15,1182595.0108
2024-01-16,1182595.0108
2024-01-17,1166258.4712
2024-01-18,1163086.7591
2024-01-19,1161120.3193
2024-01-20,1166622.8974
2024-01-21,1166622.8974
2024-01-22,1166622.8974
2024-01-23,1187244.5365
2024-01-24,1180683.6757
2024-01-25,1187681.8441
2024-01-26,1193868.1202
2024-01-27,1199146.3519
2024-01-28,1199146.3519
2024-01-29,1199146.3519
2024-01-30,1217482.6801
2024-01-31,1220474.2281
2024-02-01,1184754.0396
2024-02-02,1198619.7494
2024-02-03,1194249.8307
2024-02-04,1194249.8307
2024-02-05,1194249.8307
2024-02-06,1179590.3348
2024-02-07,1205802.2945
2024-02-08,1214173.8375
2024-02-09,1252036.7266
2024-02-10,1323524.4696
2024-02-11,1323524.4696
2024-02-12,1323524.4696
2024-02-13,1367277.5037
2024-02-14,1328202.0406
2024-02-15,1385582.617
2024-02-16,1404054.1482
2024-02-17,1419750.6138
2024-02-18,1419750.6138
2024-02-19,1419750.6138
2024-02-20,1419750.6138
2024-02-21,1381292.8629
2024-02-22,1356029.6833
2024-02-23,1368869.5185
2024-02-24,1363573.2341
2024-02-25,1363573.2341
2024-02-26,1363573.2341
2024-02-27,1434924.3555
2024-02-28,1453486.0536
2024-02-29,1401663.8657
2024-03-01,1360292.6518
2024-03-02,1385494.937
2024-03-03,1385494.937
2024-03-04,1385494.937
2024-03-05,1361506.6533
2024-03-06,1418281.6531
2024-03-07,1413587.7496
2024-03-08,1455875.2627
2024-03-09,1464109.8395
2024-03-10,1464109.8395
2024-03-11,1464109.8395
2024-03-12,1413598.4651
2024-03-13,1423121.9205
2024-03-14,1421785.6503
2024-03-15,1403796.6317
2024-03-16,1412249.6507
2024-03-17,1412249.6507
2024-03-18,1412249.6507
2024-03-19,1400591.8369
2024-03-20,1405370.0721
2024-03-21,1450364.2048
2024-03-22,1469007.5082
2024-03-23,1461174.691
2024-03-24,1461174.691
2024-03-25,1461174.691
2024-03-26,1477447.7004
2024-03-27,1470752.4108
2024-03-28,1479691.4046
2024-03-29,1464455.4113
2024-03-30,1464455.4113
2024-03-31,1464455.4113
2024-04-01,1464455.4113
2024-04-02,1433135.1874
2024-04-03,1406653.1442
2024-04-04,1413630.1812
2024-04-05,1404489.5
2024-04-06,1417487.825
2024-04-07,1417487.825
2024-04-08,1417487.825
2024-04-09,1420304.6894
2024-04-10,1408451.9746
2024-04-11,1382276.4708
2024-04-12,1400191.2335
2024-04-13,1371218.9855
2024-04-14,1371218.9855
2024-04-15,1371218.9855
2024-04-16,1352530.2994
2024-04-17,1352716.8789
2024-04-18,1333291.1974
2024-04-19,1333820.5711
2024-04-20,1338626.9652
2024-04-21,1338626.9652
2024-04-22,1338626.9652
2024-04-23,1378542.1928
2024-04-24,1430702.6372
2024-04-25,1420802.9839
2024-04-26,1408591.6501
2024-04-27,1422775.3386
2024-04-28,1422775.3386
2024-04-29,1422775.3386
2024-04-30,1435932.1925
2024-05-01,1378384.4371
2024-05-02,1361597.5645
2024-05-03,1379958.555
2024-05-04,1403249.0031
2024-05-05,1403249.0031
2024-05-06,1403249.0031
2024-05-07,1444710.3074
2024-05-08,1438355.1974
2024-05-09,1451564.3093
2024-05-10,1458757.2766
2024-05-11,1401989.1571
2024-05-12,1401989.1571
2024-05-13,1401989.1571
2024-05-14,1398827.2941
2024-05-15,1412133.8802
2024-05-16,1442999.9635
2024-05-17,1424722.0012
2024-05-18,1414894.1765
2024-05-19,1414894.1765
2024-05-20,1414894.1765
2024-05-21,1426349.1487
2024-05-22,1422928.8841
2024-05-23,1409142.4436
2024-05-24,1387335.3969
2024-05-25,1399639.2222
2024-05-26,1399639.2222
2024-05-27,1399639.2222
2024-05-28,1399639.2222
2024-05-29,1401249.0606
2024-05-30,1387531.5532
2024-05-31,1394298.6235
2024-06-01,1401006.1924
2024-06-02,1401006.1924
2024-06-03,1401006.1924
2024-06-04,1365641.4607
2024-06-05,1346738.3837
2024-06-06,1366665.0519
2024-06-07,1350255.5143
2024-06-08,1341945.618
2024-06-09,1341945.618
2024-06-10,1341945.618
2024-06-11,1345953.1631
2024-06-12,1329537.5272
2024-06-13,1369010.8107
2024-06-14,1351280.7126
2024-06-15,1332948.8049
2024-06-16,1332948.8049
2024-06-17,1332948.8049
2024-06-18,1358196.1372
2024-06-19,1370604.5089
2024-06-20,1370604.5089
2024-06-21,1363521.7149
2024-06-22,1344989.2733
2024-06-23,1344989.2733
2024-06-24,1344989.2733
2024-06-25,1345308.4366
2024-06-26,1333802.6055
2024-06-27,1310768.5373
2024-06-28,1302523.8717
2024-06-29,1311164.7919
2024-06-30,1311164.7919
2024-07-01,1311164.7919
2024-07-02,1320872.2172
2024-07-03,1314148.2205
2024-07-04,1311507.2689
2024-07-05,1311507.2689
2024-07-06,1307175.2236
2024-07-07,1307175.2236
2024-07-08,1307175.2236
2024-07-09,1311870.6847
2024-07-10,1303221.3404
2024-07-11,1288258.0705
2024-07-12,1331448.7823
2024-07-13,1348311.7354
2024-07-14,1348311.7354
2024-07-15,1348311.7354
2024-07-16,1390010.1538
2024-07-17,1450295.2562
2024-07-18,1419574.3184
2024-07-19,1375726.0511
2024-07-20,1380437.6777
2024-07-21,1380437.6777
2024-07-22,1380437.6777
2024-07-23,1405877.9569
2024-07-24,1415203.5204
2024-07-25,1370023.9818
2024-07-26,1360435.988
2024-07-27,1391662.0881
2024-07-28,1391662.0881
2024-07-29,1391662.0881
2024-07-30,1377057.8096
2024-07-31,1367065.8618
2024-08-01,1364270.4592
2024-08-02,1325842.5107
2024-08-03,1269465.9778
2024-08-04,1269465.9778
2024-08-05,1269465.9778
2024-08-06,1220906.4662
2024-08-07,1267318.1298
2024-08-08,1207992.3399
2024-08-09,1252799.6261
2024-08-10,1255722.8148
2024-08-11,1255722.8148
2024-08-12,1255722.8148
2024-08-13,1270363.0886
2024-08-14,1308483.3982
2024-08-15,1309675.3941
2024-08-16,1335635.9507
2024-08-17,1350951.1396
2024-08-18,1350951.1396
2024-08-19,1350951.1396
2024-08-20,1382095.7793
2024-08-21,1360634.323
2024-08-22,1391586.1599
2024-08-23,1382017.6344
2024-08-24,1421222.1973
2024-08-25,1421222.1973
2024-08-26,1421222.1973
2024-08-27,1403418.997
2024-08-28,1384240.5849
2024-08-29,1358425.0196
2024-08-30,1366130.1776
2024-08-31,1376500.8568
2024-09-01,1376500.8568
2024-09-02,1376500.8568
2024-09-03,1376500.8568
2024-09-04,1311321.3468
2024-09-05,1296280.4381
2024-09-06,1250465.5165
2024-09-07,1258991.852
2024-09-08,1258991.852
2024-09-09,1258991.852
2024-09-10,1282658.6433
2024-09-11,1279747.3817
2024-09-12,1288190.4269
2024-09-13,1311205.2771
2024-09-14,1337894.6772
2024-09-15,1337894.6772
2024-09-16,1337894.6772
2024-09-17,1342805.3657
2024-09-18,1358225.2073
2024-09-19,1365828.2623
2024-09-20,1405083.0278
2024-09-21,1393823.0255
2024-09-22,1393823.0255
2024-09-23,1393823.0255
2024-09-24,1384439.1615
2024-09-25,1390130.8585
2024-09-26,1378041.7971
2024-09-27,1384634.5563
2024-09-28,1409661.7135
2024-09-29,1409661.7135
2024-09-30,1409661.7135
2024-10-01,1391778.0283
2024-10-02,1359611.8215
2024-10-03,1362336.5404
2024-10-04,1355064.4903
2024-10-05,1387770.0991
2024-10-06,1387770.0991
2024-10-07,1387770.0991
2024-10-08,1361352.5781
2024-10-09,1373377.7977
2024-10-10,1379523.9113
2024-10-11,1367745.8025
2024-10-12,1404720.7062
2024-10-13,1404720.7062
2024-10-14,1404720.7062
2024-10-15,1430190.3177
2024-10-16,1466378.6597
2024-10-17,1502763.6617
2024-10-18,1463018.4021
2024-10-19,1478029.5792
2024-10-20,1478029.5792
2024-10-21,1478029.5792
2024-10-22,1476056.5695
2024-10-23,1447429.1359
2024-10-24,1409012.5267
2024-10-25,1420706.2948
2024-10-26,1394002.3721
2024-10-27,1394002.3721
2024-10-28,1394002.3721
2024-10-29,1433715.8481
2024-10-30,1410684.1533
2024-10-31,1405258.1717
2024-11-01,1362437.6976
2024-11-02,1373795.4061
2024-11-03,1373795.4061
2024-11-04,1373795.4061
2024-11-05,1366077.4164
2024-11-06,1398509.644
2024-11-07,1517783.6289
2024-11-08,1529553.8451
2024-11-09,1559029.3173
2024-11-10,1559029.3173
2024-11-11,1559029.3173
2024-11-12,1656788.6656
2024-11-13,1652105.4172
2024-11-14,1726785.6999
2024-11-15,1636058.5998
2024-11-16,1598884.01
2024-11-17,1598884.01
2024-11-18,1598884.01
2024-11-19,1594401.1513
2024-11-20,1644394.1729
2024-11-21,1615577.1024
2024-11-22,1658694.7165
2024-11-23,1717409.8565
2024-11-24,1717409.8565
2024-11-25,1717409.8565
2024-11-26,1722077.5169
2024-11-27,1708398.4584
2024-11-28,1726785.4164
2024-11-29,1726785.4164
2024-11-30,1759233.4159
2024-12-01,1759233.4159
2024-12-02,1759233.4159
2024-12-03,1754577.8302
2024-12-04,1719129.3566
2024-12-05,1724054.9732
2024-12-06,1709697.7532
2024-12-07,1726363.0283
2024-12-08,1726363.0283
2024-12-09,1726363.0283
2024-12-10,1667027.5253
2024-12-11,1644617.5775
2024-12-12,1668201.1888
2024-12-13,1641012.124
2024-12-14,1645425.9771
2024-12-15,1645425.9771
2024-12-16,1645425.9771
2024-12-17,1682442.7174
2024-12-18,1668562.3922
2024-12-19,1573454.7145
2024-12-20,1562891.864
2024-12-21,1552972.546
2024-12-22,1552972.546
2024-12-23,1552972.546
2024-12-24,1540532.3365
2024-12-25,1571589.5234
2024-12-26,1571589.5234
2024-12-27,1589185.1556
2024-12-28,1560790.4019
2024-12-29,1560790.4019
2024-12-30,1560790.4019
2024-12-31,1536596.1973
2025-01-01,1514124.684
2025-01-02,1514124.684
2025-01-03,1525694.9538
2025-01-04,1547430.4948
2025-01-05,1547430.4948
2025-01-06,1547430.4948
2025-01-07,1538533.9745
2025-01-08,1514691.7386
2025-01-09,1527909.7386
2025-01-10,1527909.7386
2025-01-11,1511533.1297
2025-01-12,1511533.1297
2025-01-13,1511533.1297
2025-01-14,1510853.4389
2025-01-15,1548862.2845
2025-01-16,1595652.3402
2025-01-17,1619358.0716
2025-01-18,1626541.2109
2025-01-19,1626541.2109
2025-01-20,1626541.2109
2025-01-21,1626541.2109
2025-01-22,1647842.3162
2025-01-23,1646345.3569
2025-01-24,1645198.7771
2025-01-25,1647937.0914
2025-01-26,1647937.0914
2025-01-27,1647937.0914
2025-01-28,1634508.7016
2025-01-29,1657431.7103
2025-01-30,1658831.6573
2025-01-31,1678342.7774
2025-02-01,1653723.2388
2025-02-02,1653723.2388
2025-02-03,1653723.2388
2025-02-04,1638053.5838
2025-02-05,1659697.1671
2025-02-06,1686039.2313
2025-02-07,1713298.2873
2025-02-08,1707453.4601
2025-02-09,1707453.4601
2025-02-10,1707453.4601
2025-02-11,1693632.3288
2025-02-12,1654954.7915
2025-02-13,1683451.2085
2025-02-14,1706745.1703
2025-02-15,1724524.4413
2025-02-16,1724524.4413
2025-02-17,1724524.4413
2025-02-18,1724524.4413
2025-02-19,1719921.9596
2025-02-20,1716348.813
2025-02-21,1665618.0283
2025-02-22,1594419.2723
2025-02-23,1594419.2723
2025-02-24,1594419.2723
2025-02-25,1579847.3324
2025-02-26,1574468.621
2025-02-27,1601117.549
2025-02-28,1540670.9028
2025-03-01,1563713.2936
2025-03-02,1563713.2936
2025-03-03,1563713.2936
2025-03-04,1541644.6535
2025-03-05,1519603.5293
2025-03-06,1536658.1537
2025-03-07,1468630.1448
2025-03-08,1478038.6626
2025-03-09,1478038.6626
2025-03-10,1478038.6626
2025-03-11,1427450.4797
2025-03-12,1437351.898
2025-03-13,1449752.8607
2025-03-14,1421410.0488
2025-03-15,1480193.0674
2025-03-16,1480193.0674
2025-03-17,1480193.0674
2025-03-18,1505503.481
2025-03-19,1472506.6833
2025-03-20,1518756.9545
2025-03-21,1507670.538
2025-03-22,1512170.5902
2025-03-23,1512170.5902
2025-03-24,1512170.5902
2025-03-25,1570597.0976
2025-03-26,1570963.2498
2025-03-27,1529936.2858
2025-03-28,1501620.7889
2025-03-29,1493498.8985
2025-03-30,1493498.8985
2025-03-31,1493498.8985
2025-04-01,1470913.0018
2025-04-02,1483878.849
2025-04-03,1515383.445
2025-04-04,1421795.4601
2025-04-05,1335654.6564
2025-04-06,1335654.6564
2025-04-07,1335654.6564
2025-04-08,1342872.7949
2025-04-09,1319608.5904
2025-04-10,1448220.4145
2025-04-11,1396179.3572
2025-04-12,1421288.278
2025-04-13,1421288.278
2025-04-14,1421288.278
2025-04-15,1438693.461
2025-04-16,1447338.6233
2025-04-17,1428738.7076
2025-04-18,1423259.7176
2025-04-19,1423259.7176
2025-04-20,1423259.7176
2025-04-21,1423259.7176
2025-04-22,1353364.2787
2025-04-23,1396045.3921
2025-04-24,1438333.1883
2025-04-25,1453028.2438
2025-04-26,1477229.0019
2025-04-27,1477229.0019
2025-04-28,1477229.0019
2025-04-29,1476303.0674
2025-04-30,1495888.3979
2025-05-01,1494463.6566
2025-05-02,1506719.8739
2025-05-03,1581826.6107
2025-05-04,1581826.6107
2025-05-05,1581826.6107
2025-05-06,1563232.9436
2025-05-07,1571215.2238
2025-05-08,1549980.3106
2025-05-09,1620614.1122
2025-05-10,1642336.8153
2025-05-11,1642336.8153
2025-05-12,1642336.8153
2025-05-13,1679393.23
2025-05-14,1707076.4328
2025-05-15,1700306.7225
2025-05-16,1714802.6014
2025-05-17,1736274.5634
2025-05-18,1736274.5634
2025-05-19,1736274.5634
2025-05-20,1734420.992
2025-05-21,1748988.9941
2025-05-22,1724484.6551
2025-05-23,1744794.4251
2025-05-24,1760471.8584
2025-05-25,1760471.8584
2025-05-26,1760471.8584
2025-05-27,1760471.8584
2025-05-28,1812287.1702
2025-05-29,1819315.2197
2025-05-30,1802805.7823
2025-05-31,1800439.1339
2025-06-01,1800439.1339
2025-06-02,1800439.1339
2025-06-03,1823027.5351
2025-06-04,1821682.0707
2025-06-05,1813665.6891
2025-06-06,1842698.8384
2025-06-07,1873211.7528
2025-06-08,1873211.7528
2025-06-09,1873211.7528
2025-06-10,1847575.6495
2025-06-11,1828638.4857
2025-06-12,1844048.5988
2025-06-13,1855287.6956
2025-06-14,1791204.7471
2025-06-15,1791204.7471
2025-06-16,1791204.7471
2025-06-17,1800932.1719
2025-06-18,1762601.3933
2025-06-19,1756372.7184
2025-06-20,1756372.7184
2025-06-21,1769065.0132
2025-06-22,1769065.0132
2025-06-23,1769065.0132
2025-06-24,1809662.4913
2025-06-25,1834406.5932
2025-06-26,1814622.2548
2025-06-27,1872556.2503
2025-06-28,1873957.8307
2025-06-29,1873957.8307
2025-06-30,1873957.8307
2025-07-01,1891164.3754
2025-07-02,1856765.9651
2025-07-03,1852393.3088
2025-07-04,1881320.7393
2025-07-05,1881320.7393
2025-07-06,1881320.7393
2025-07-07,1881320.7393
2025-07-08,1848748.1116
2025-07-09,1826197.6455
2025-07-10,1833689.699
2025-07-11,1810529.7131
2025-07-12,1782463.6659
2025-07-13,1782463.6659
2025-07-14,1782463.6659
2025-07-15,1837966.6786
2025-07-16,1817874.8765
2025-07-17,1826577.6501
2025-07-18,1840446.6856
2025-07-19,1849387.6205
2025-07-20,1849387.6205
2025-07-21,1849387.6205
2025-07-22,1829363.6279
2025-07-23,1823821.2765
2025-07-24,1859156.7356
2025-07-25,1822212.2215
2025-07-26,1836732.8949
2025-07-27,1836732.8949
2025-07-28,1836732.8949
2025-07-29,1821452.3454
2025-07-30,1820394.9307
2025-07-31,1848267.7582
2025-08-01,1839270.7886
2025-08-02,1783701.5513
2025-08-03,1783701.5513
2025-08-04,1783701.5513
2025-08-05,1782966.3934
2025-08-06,1800904.2318
2025-08-07,1812773.8604
2025-08-08,1800665.8911
2025-08-09,1775303.3818
2025-08-10,1775303.3818
2025-08-11,1775303.3818
2025-08-12,1785748.2191
2025-08-13,1834832.6731
2025-08-14,1855983.843
2025-08-15,1815405.1428
2025-08-16,1818779.264
2025-08-17,1818779.264
2025-08-18,1818779.264
2025-08-19,1826111.3063
2025-08-20,1806328.5726
2025-08-21,1809002.4734
2025-08-22,1814875.063
2025-08-23,1883559.2056
2025-08-24,1883559.2056
2025-08-25,1883559.2056
2025-08-26,1884255.5859
2025-08-27,1905977.5482
2025-08-28,1898154.3596
2025-08-29,1911649.4663
2025-08-30,1890047.6055
2025-08-31,1890047.6055
2025-09-01,1890047.6055
2025-09-02,1890047.6055
2025-09-03,1866246.2843
2025-09-04,1885531.0521
2025-09-05,1867195.8886
2025-09-06,1875041.7562
2025-09-07,1875041.7562
2025-09-08,1875041.7562
2025-09-09,1871598.384
2025-09-10,1876495.9308
2025-09-11,1847774.8934
2025-09-12,1887089.9117
2025-09-13,1880738.8274
2025-09-14,1880738.8274
2025-09-15,1880738.8274
2025-09-16,1888424.0225
2025-09-17,1881604.8795
2025-09-18,1883899.3006
2025-09-19,1960385.5298
2025-09-20,1964796.7304
2025-09-21,1964796.7304
2025-09-22,1964796.7304
2025-09-23,1993675.969
2025-09-24,1985149.0532
2025-09-25,1937191.1294
2025-09-26,1901901.4509
2025-09-27,1945325.479
2025-09-28,1945325.479
2025-09-29,1945325.479
2025-09-30,1943820.1381
2025-10-01,1936493.0882
2025-10-02,1925341.9349
2025-10-03,1934301.5572
2025-10-04,1925576.2484
2025-10-05,1925576.2484
2025-10-06,1925576.2484
2025-10-07,1908705.5113
2025-10-08,1896232.6378
2025-10-09,1948017.0223
2025-10-10,1935105.5007
2025-10-11,1860209.429
2025-10-12,1860209.429
2025-10-13,1860209.429
2025-10-14,1934149.8362
2025-10-15,1989735.979
2025-10-16,2015241.0189
2025-10-17,1974982.3457
2025-10-18,1947687.8883
2025-10-19,1947687.8883
2025-10-20,1947687.8883
2025-10-21,1985265.2254
2025-10-22,1990696.1533
2025-10-23,1955847.1473
2025-10-24,2014320.9052
2025-10-25,2052306.9415
2025-10-26,2052306.9415
2025-10-27,2052306.9415
2025-10-28,2068741.5425
2025-10-29,2077968.2153
2025-10-30,2111137.0881
2025-10-31,2090610.8033
2025-11-01,2104014.6388
2025-11-02,2104014.6388
2025-11-03,2104014.6388
2025-11-04,2110038.2354
2025-11-05,2063943.4354
2025-11-06,2094249.8454
2025-11-07,2042417.9789
2025-11-08,2074914.6393
2025-11-09,2074914.6393
2025-11-10,2074914.6393
2025-11-11,2124119.2621
2025-11-12,2144138.7292
2025-11-13,2159285.4949
2025-11-14,2075868.2889
2025-11-15,2078424.0817
2025-11-16,2078424.0817
2025-11-17,2078424.0817
2025-11-18,2020222.6009
2025-11-19,2036530.6883
2025-11-20,2037129.2575
2025-11-21,1971631.92
2025-11-22,2009395.6365
2025-11-23,2009395.6365
2025-11-24,2009395.6365
2025-11-25,2071208.4044
2025-11-26,2098042.7555
2025-11-27,2131093.0677
2025-11-28,2131093.0677
2025-11-29,2152016.0037
2025-11-30,2152016.0037
2025-12-01,2152016.0037
2025-12-02,2103304.1936
2025-12-03,2094325.7338
2025-12-04,2113138.4339
2025-12-05,2135593.1673
2025-12-06,2113626.2482
2025-12-07,2113626.2482
2025-12-08,2113626.2482
2025-12-09,2122219.9634
2025-12-10,2120299.2754
2025-12-11,2139202.4827
2025-12-12,2168219.52
2025-12-13,2114061.7522
2025-12-14,2114061.7522
2025-12-15,2114061.7522
2025-12-16,2092865.1204
2025-12-17,2096054.9425
2025-12-18,2051088.373
2025-12-19,2078276.0326
2025-12-20,2118905.3314
2025-12-21,2118905.3314
2025-12-22,2118905.3314
2025-12-23,2174781.5096
2025-12-24,2156726.8993
2025-12-25,2157507.7357
2025-12-26,2157507.7357
2025-12-27,2146594.175
2025-12-28,2146594.175
2025-12-29,2146594.175
2025-12-30,2126837.0045
2025-12-31,2104765.651
2026-01-01,2089874.0102
2026-01-02,2089874.0102
2026-01-03,2131381.7516
2026-01-04,2131381.7516
2026-01-05,2131381.7516
2026-01-06,2147201.8926
2026-01-07,2214185.0885
2026-01-08,2181863.317
2026-01-09,2174976.0424
2026-01-10,2166892.8414
2026-01-11,2166892.8414
2026-01-12,2166892.8414
2026-01-13,2144725.1297
2026-01-14,2187034.7745
2026-01-15,2166489.2273
2026-01-16,2174774.6477
2026-01-17,2195572.2717
2026-01-18,2195572.2717
2026-01-19,2195572.2717
2026-01-20,2195572.2717
2026-01-21,2148136.5526
2026-01-22,2185045.7052
2026-01-23,2197690.9689
2026-01-24,2152439.1676
2026-01-25,2152439.1676
2026-01-26,2152439.1676
2026-01-27,2152159.7214
2026-01-28,2166621.4467
2026-01-29,2149596.0555
2026-01-30,2139946.8376
2026-01-31,2103460.8712
2026-02-01,2103460.8712
2026-02-02,2103460.8712
2026-02-03,2128485.9198
2026-02-04,2141788.3113
2026-02-05,2074945.9463
2026-02-06,2016524.7159
2026-02-07,2138399.6751
2026-02-08,2138399.6751
2026-02-09,2138399.6751
2026-02-10,2168636.797
2026-02-11,2140310.0168
2026-02-12,2179340.0567
2026-02-13,2149108.6149
2026-02-14,2170345.3675
2026-02-15,2170345.3675
2026-02-16,2170345.3675
2026-02-17,2170345.3675
2026-02-18,2146541.4667
2026-02-19,2156684.561
2026-02-20,2165906.2675
2026-02-21,2158504.9648
2026-02-22,2158504.9648
2026-02-23,2158504.9648
2026-02-24,2112493.5562
2026-02-25,2159594.3789
2026-02-26,2146458.8495
2026-02-27,2176498.1505
2026-02-28,2167795.0679
2026-03-01,2167795.0679
2026-03-02,2167795.0679
2026-03-03,2208859.5239
2026-03-04,2174036.6482
2026-03-05,2234746.5312
2026-03-06,2149599.3822
2026-03-07,2075065.9476
2026-03-08,2075065.9476
2026-03-09,2075065.9476
2026-03-10,2134913.3033
2026-03-11,2133714.6479
2026-03-12,2124146.6208
2026-03-13,2087359.0583
2026-03-14,2069827.1891
2026-03-15,2069827.1891
2026-03-16,2069827.1891
2026-03-17,2094184.199
2026-03-18,2136865.4976
2026-03-19,2118863.2314
2026-03-20,2162185.4778
2026-03-21,2077627.6028
2026-03-22,2077627.6028
2026-03-23,2077627.6028
2026-03-24,2091225.2041
2026-03-25,2077598.1786
2026-03-26,2120728.7803
2026-03-27,2081269.7428
2026-03-28,2107390.8317
2026-03-29,2107390.8317
2026-03-30,2107390.8317
2026-03-31,2034712.7214
2026-04-01,2109245.3049
2026-04-02,2123069.1808
2026-04-03,2163887.279
2026-04-04,2163887.279
2026-04-05,2163887.279
2026-04-06,2163887.279
2026-04-07,2173510.2415
2026-04-08,2167421.2243
2026-04-09,2246391.0594
2026-04-10,2256265.7342
2026-04-11,2246272.7009
2026-04-12,2246272.7009
2026-04-13,2246272.7009
2026-04-14,2258277.0967
2026-04-15,2297100.0975
2026-04-16,2333309.9446
2026-04-17,2317891.1484
2026-04-18,2397605.7257
2026-04-19,2397605.7257
2026-04-20,2397605.7257
2026-04-21,2412996.3304
2026-04-22,2426587.5118
2026-04-23,2487893.8441
2026-04-24,2449449.863
2026-04-25,2443427.6965
2026-04-26,2443427.6965
2026-04-27,2443427.6965
2026-04-28,2439759.5266
2026-04-29,2393510.8621
2026-04-30,2333537.3907
2026-05-01,2443236.0539
2026-05-02,2459846.5043
2026-05-03,2459846.5043
2026-05-04,2459846.5043
2026-05-05,2452556.5796
2026-05-06,2483211.7763
2026-05-07,2515999.8874
2026-05-08,2441498.739
2026-05-09,2481790.2096
2026-05-10,2481790.2096
2026-05-11,2481790.2096
2026-05-12,2494316.5677
2026-05-13,2451789.6876
2026-05-14,2471667.8914
2026-05-15,2503781.2673
2026-05-16,2416027.4172
2026-05-17,2416027.4172
2026-05-18,2416027.4172
2026-05-19,2384511.5462
2026-05-20,2349804.906
2026-05-21,2420558.9839
2026-05-22,2434246.2942
2026-05-23,2471616.3356
2026-05-24,2471616.3356
2026-05-25,2471616.3356
2026-05-26,2471616.3356
2026-05-27,2578335.2279
2026-05-28,2593675.4633
2026-05-29,2628343.4403
2026-05-30,2549451.9944
2026-05-31,2549451.9944
2026-06-01,2549451.9944
2026-06-02,2518297.2013
2026-06-03,2715121.543
2026-06-04,2704043.1844
2026-06-05,2696757.9129
2026-06-06,2575628.8771
2026-06-07,2575628.8771
2026-06-08,2575628.8771
2026-06-09,2596463.1992
2026-06-10,2567999.9035
2026-06-11,2504692.0554
2026-06-12,2618738.3931
2026-06-13,2653058.4842
2026-06-14,2653058.4842
2026-06-15,2653058.4842
2026-06-16,2683770.8997
2026-06-17,2657483.148
